Timestamp,Open,High,Low,Close,Volume,symbol,Date
1608683280.0,634.87,635.3,634.72,634.96,103.82334,ETH/BUSD,2020-12-23 00:28:00
1608683340.0,634.97,635.1,634.82,634.92,468.32146,ETH/BUSD,2020-12-23 00:29:00
1608683400.0,634.92,634.92,633.88,634.07,163.43883,ETH/BUSD,2020-12-23 00:30:00
1608683460.0,634.07,634.56,633.5,634.47,174.67188,ETH/BUSD,2020-12-23 00:31:00
1608683520.0,634.38,634.52,634.17,634.31,55.24482,ETH/BUSD,2020-12-23 00:32:00
1608683580.0,634.3,635.1,634.2,635.03,158.99436,ETH/BUSD,2020-12-23 00:33:00
1608683640.0,635.07,635.26,634.76,635.18,92.44488,ETH/BUSD,2020-12-23 00:34:00
1608683700.0,635.18,636.15,635.1,636.14,299.4932,ETH/BUSD,2020-12-23 00:35:00
1608683760.0,636.15,636.19,635.11,635.11,178.94636,ETH/BUSD,2020-12-23 00:36:00
1608683820.0,635.1,635.14,634.7,634.7,173.99295,ETH/BUSD,2020-12-23 00:37:00
1608683880.0,634.7,634.7,633.4,633.41,269.22328,ETH/BUSD,2020-12-23 00:38:00
1608683940.0,633.41,634.32,633.41,634.32,156.52002,ETH/BUSD,2020-12-23 00:39:00
1608684000.0,634.36,634.64,633.49,633.69,159.20278,ETH/BUSD,2020-12-23 00:40:00
1608684060.0,633.6,634.27,633.26,633.69,381.13652,ETH/BUSD,2020-12-23 00:41:00
1608684120.0,633.64,633.98,633.44,633.44,109.07969,ETH/BUSD,2020-12-23 00:42:00
1608684180.0,633.44,633.52,632.85,632.85,158.51822,ETH/BUSD,2020-12-23 00:43:00
1608684240.0,632.85,633.31,632.81,633.24,113.52904,ETH/BUSD,2020-12-23 00:44:00
1608684300.0,633.34,633.59,632.96,633.12,70.69782,ETH/BUSD,2020-12-23 00:45:00
1608684360.0,633.12,634.31,633.09,634.15,260.30157,ETH/BUSD,2020-12-23 00:46:00
1608684420.0,634.15,634.69,634.15,634.38,86.3516,ETH/BUSD,2020-12-23 00:47:00
1608684480.0,634.39,634.44,634.12,634.27,67.76275,ETH/BUSD,2020-12-23 00:48:00
1608684540.0,634.35,634.7,634.21,634.65,23.8282,ETH/BUSD,2020-12-23 00:49:00
1608684600.0,634.65,635.0,634.62,634.62,87.75247,ETH/BUSD,2020-12-23 00:50:00
1608684660.0,634.62,634.62,634.09,634.19,102.73677,ETH/BUSD,2020-12-23 00:51:00
1608684720.0,634.15,634.71,634.15,634.69,90.08576,ETH/BUSD,2020-12-23 00:52:00
1608684780.0,634.72,636.0,634.72,635.94,336.19762,ETH/BUSD,2020-12-23 00:53:00
1608684840.0,636.0,636.92,635.94,636.81,265.62793,ETH/BUSD,2020-12-23 00:54:00
1608684900.0,636.81,637.06,636.35,636.82,209.55312,ETH/BUSD,2020-12-23 00:55:00
1608684960.0,636.82,637.1,636.46,636.75,180.23185,ETH/BUSD,2020-12-23 00:56:00
1608685020.0,636.65,637.11,636.12,637.07,278.89995,ETH/BUSD,2020-12-23 00:57:00
1608685080.0,637.05,637.66,636.8,637.47,259.76535,ETH/BUSD,2020-12-23 00:58:00
1608685140.0,637.47,638.0,637.47,637.68,2088.83174,ETH/BUSD,2020-12-23 00:59:00
1608685200.0,637.68,638.0,636.66,636.96,1167.73746,ETH/BUSD,2020-12-23 01:00:00
1608685260.0,636.97,637.34,634.83,635.49,711.51336,ETH/BUSD,2020-12-23 01:01:00
1608685320.0,635.44,635.78,635.0,635.44,316.82793,ETH/BUSD,2020-12-23 01:02:00
1608685380.0,635.44,636.86,635.4,636.55,270.21139,ETH/BUSD,2020-12-23 01:03:00
1608685440.0,636.59,636.59,635.96,636.21,188.16743,ETH/BUSD,2020-12-23 01:04:00
1608685500.0,636.22,638.0,636.21,637.95,618.23556,ETH/BUSD,2020-12-23 01:05:00
1608685560.0,637.96,637.96,636.83,636.92,170.37067,ETH/BUSD,2020-12-23 01:06:00
1608685620.0,636.85,636.98,636.45,636.8,247.99289,ETH/BUSD,2020-12-23 01:07:00
1608685680.0,636.72,636.9,636.49,636.51,80.13334,ETH/BUSD,2020-12-23 01:08:00
1608685740.0,636.51,636.51,635.56,635.6,198.7007,ETH/BUSD,2020-12-23 01:09:00
1608685800.0,635.59,635.59,634.54,634.54,300.50596,ETH/BUSD,2020-12-23 01:10:00
1608685860.0,634.54,635.0,634.35,635.0,211.32155,ETH/BUSD,2020-12-23 01:11:00
1608685920.0,634.99,635.61,634.58,634.58,156.80541,ETH/BUSD,2020-12-23 01:12:00
1608685980.0,634.58,634.58,633.26,633.41,304.80939,ETH/BUSD,2020-12-23 01:13:00
1608686040.0,633.4,633.4,630.98,631.15,985.99073,ETH/BUSD,2020-12-23 01:14:00
1608686100.0,631.19,632.76,631.02,631.89,696.74825,ETH/BUSD,2020-12-23 01:15:00
1608686160.0,631.88,632.03,630.98,631.06,384.43496,ETH/BUSD,2020-12-23 01:16:00
1608686220.0,631.07,631.17,628.98,630.23,589.60036,ETH/BUSD,2020-12-23 01:17:00
1608686280.0,630.19,630.2,627.64,628.93,820.99019,ETH/BUSD,2020-12-23 01:18:00
1608686340.0,628.93,629.72,628.04,628.7,466.01283,ETH/BUSD,2020-12-23 01:19:00
1608686400.0,628.69,630.49,628.61,630.09,506.05545,ETH/BUSD,2020-12-23 01:20:00
1608686460.0,630.06,630.13,629.3,629.74,348.56124,ETH/BUSD,2020-12-23 01:21:00
1608686520.0,629.75,629.92,629.08,629.25,297.08219,ETH/BUSD,2020-12-23 01:22:00
1608686580.0,629.27,629.47,628.77,628.85,221.90287,ETH/BUSD,2020-12-23 01:23:00
1608686640.0,628.78,629.57,628.28,629.45,406.31335,ETH/BUSD,2020-12-23 01:24:00
1608686700.0,629.45,629.45,628.25,628.72,135.02293,ETH/BUSD,2020-12-23 01:25:00
1608686760.0,628.78,629.83,628.78,629.24,197.24619,ETH/BUSD,2020-12-23 01:26:00
1608686820.0,629.24,629.84,629.24,629.36,120.02063,ETH/BUSD,2020-12-23 01:27:00
1608686880.0,629.3,630.53,629.3,630.4,216.35609,ETH/BUSD,2020-12-23 01:28:00
1608686940.0,630.4,630.4,629.62,629.63,235.91472,ETH/BUSD,2020-12-23 01:29:00
1608687000.0,629.63,630.57,629.63,630.11,312.11293,ETH/BUSD,2020-12-23 01:30:00
1608687060.0,630.1,630.22,629.69,629.77,92.65542,ETH/BUSD,2020-12-23 01:31:00
1608687120.0,629.78,630.3,629.7,629.71,122.243,ETH/BUSD,2020-12-23 01:32:00
1608687180.0,629.7,630.07,628.54,629.01,377.81038,ETH/BUSD,2020-12-23 01:33:00
1608687240.0,629.01,629.01,626.77,627.64,435.973,ETH/BUSD,2020-12-23 01:34:00
1608687300.0,627.64,627.81,626.38,627.0,620.31633,ETH/BUSD,2020-12-23 01:35:00
1608687360.0,627.0,627.35,626.78,627.03,478.18848,ETH/BUSD,2020-12-23 01:36:00
1608687420.0,627.03,627.79,627.03,627.76,184.08321,ETH/BUSD,2020-12-23 01:37:00
1608687480.0,627.75,629.04,627.75,629.04,253.03577,ETH/BUSD,2020-12-23 01:38:00
1608687540.0,629.1,629.16,628.42,628.65,210.27393,ETH/BUSD,2020-12-23 01:39:00
1608687600.0,628.6,628.72,626.57,626.85,315.12784,ETH/BUSD,2020-12-23 01:40:00
1608687660.0,626.92,626.97,625.35,626.44,366.74724,ETH/BUSD,2020-12-23 01:41:00
1608687720.0,626.38,627.48,626.24,626.94,368.79566,ETH/BUSD,2020-12-23 01:42:00
1608687780.0,627.0,628.0,627.0,627.91,344.43909,ETH/BUSD,2020-12-23 01:43:00
1608687840.0,627.99,628.72,627.93,628.48,312.00362,ETH/BUSD,2020-12-23 01:44:00
1608687900.0,628.4,628.4,627.04,627.85,351.10793,ETH/BUSD,2020-12-23 01:45:00
1608687960.0,627.9,628.48,627.7,628.46,238.35459,ETH/BUSD,2020-12-23 01:46:00
1608688020.0,628.42,629.47,628.42,629.47,165.72766,ETH/BUSD,2020-12-23 01:47:00
1608688080.0,629.47,629.95,629.36,629.51,116.56351,ETH/BUSD,2020-12-23 01:48:00
1608688140.0,629.39,629.55,628.06,628.31,293.9697,ETH/BUSD,2020-12-23 01:49:00
1608688200.0,628.36,628.38,626.91,627.02,240.59254,ETH/BUSD,2020-12-23 01:50:00
1608688260.0,627.02,627.63,626.74,627.39,167.71756,ETH/BUSD,2020-12-23 01:51:00
1608688320.0,627.34,627.82,626.91,626.91,139.30088,ETH/BUSD,2020-12-23 01:52:00
1608688380.0,626.98,628.11,626.98,627.95,475.58702,ETH/BUSD,2020-12-23 01:53:00
1608688440.0,627.94,628.33,627.65,628.33,650.25306,ETH/BUSD,2020-12-23 01:54:00
1608688500.0,628.32,628.32,627.03,627.43,233.94659,ETH/BUSD,2020-12-23 01:55:00
1608688560.0,627.37,627.83,627.13,627.49,148.10587,ETH/BUSD,2020-12-23 01:56:00
1608688620.0,627.43,627.43,626.86,626.87,69.12739,ETH/BUSD,2020-12-23 01:57:00
1608688680.0,626.93,627.7,626.93,627.19,149.51784,ETH/BUSD,2020-12-23 01:58:00
1608688740.0,627.27,627.53,627.05,627.05,40.98771,ETH/BUSD,2020-12-23 01:59:00
1608688800.0,627.05,627.69,626.52,627.65,216.90671,ETH/BUSD,2020-12-23 02:00:00
1608688860.0,627.62,628.33,627.43,628.09,155.76921,ETH/BUSD,2020-12-23 02:01:00
1608688920.0,628.08,628.68,628.01,628.4,132.64176,ETH/BUSD,2020-12-23 02:02:00
1608688980.0,628.39,628.74,628.28,628.52,114.3211,ETH/BUSD,2020-12-23 02:03:00
1608689040.0,628.47,628.48,628.33,628.4,32.04926,ETH/BUSD,2020-12-23 02:04:00
1608689100.0,628.34,628.34,627.39,627.43,117.87684,ETH/BUSD,2020-12-23 02:05:00
1608689160.0,627.47,627.47,626.68,626.75,111.87288,ETH/BUSD,2020-12-23 02:06:00
1608689220.0,626.73,626.85,624.56,624.56,310.04617,ETH/BUSD,2020-12-23 02:07:00
1608689280.0,624.59,625.0,623.14,624.42,623.96044,ETH/BUSD,2020-12-23 02:08:00
1608689340.0,624.44,624.83,624.15,624.43,229.68427,ETH/BUSD,2020-12-23 02:09:00
1608689400.0,624.43,624.94,624.27,624.27,163.64967,ETH/BUSD,2020-12-23 02:10:00
1608689460.0,624.22,624.83,624.22,624.67,67.30026,ETH/BUSD,2020-12-23 02:11:00
1608689520.0,624.73,624.84,623.87,624.36,153.40372,ETH/BUSD,2020-12-23 02:12:00
1608689580.0,624.36,624.41,622.8,622.92,188.18949,ETH/BUSD,2020-12-23 02:13:00
1608689640.0,622.8,623.64,622.05,622.6,528.10372,ETH/BUSD,2020-12-23 02:14:00
1608689700.0,622.62,622.8,620.73,621.88,696.6993,ETH/BUSD,2020-12-23 02:15:00
1608689760.0,621.75,622.0,620.78,621.88,400.34179,ETH/BUSD,2020-12-23 02:16:00
1608689820.0,621.97,623.33,621.6,623.33,251.73995,ETH/BUSD,2020-12-23 02:17:00
1608689880.0,623.33,624.07,623.28,623.49,284.39334,ETH/BUSD,2020-12-23 02:18:00
1608689940.0,623.49,624.16,623.16,624.16,150.65919,ETH/BUSD,2020-12-23 02:19:00
1608690000.0,624.16,624.61,623.96,624.56,179.69282,ETH/BUSD,2020-12-23 02:20:00
1608690060.0,624.48,624.88,624.35,624.35,99.1923,ETH/BUSD,2020-12-23 02:21:00
1608690120.0,624.28,624.76,624.22,624.61,76.55409,ETH/BUSD,2020-12-23 02:22:00
1608690180.0,624.66,624.74,624.46,624.59,24.55579,ETH/BUSD,2020-12-23 02:23:00
1608690240.0,624.58,624.58,623.44,623.78,108.70233,ETH/BUSD,2020-12-23 02:24:00
1608690300.0,623.83,623.89,623.19,623.26,159.65352,ETH/BUSD,2020-12-23 02:25:00
1608690360.0,623.32,624.22,623.27,623.95,220.53647,ETH/BUSD,2020-12-23 02:26:00
1608690420.0,623.97,625.07,623.97,624.69,257.10403,ETH/BUSD,2020-12-23 02:27:00
1608690480.0,624.69,624.87,624.12,624.24,106.33943,ETH/BUSD,2020-12-23 02:28:00
1608690540.0,624.17,624.35,623.94,624.0,113.26025,ETH/BUSD,2020-12-23 02:29:00
1608690600.0,624.07,624.62,624.07,624.34,82.06253,ETH/BUSD,2020-12-23 02:30:00
1608690660.0,624.29,624.38,623.77,623.87,164.33139,ETH/BUSD,2020-12-23 02:31:00
1608690720.0,623.79,623.79,622.86,623.06,232.2075,ETH/BUSD,2020-12-23 02:32:00
1608690780.0,623.01,623.9,622.81,623.89,213.37752,ETH/BUSD,2020-12-23 02:33:00
1608690840.0,623.89,624.96,623.71,624.83,209.56686,ETH/BUSD,2020-12-23 02:34:00
1608690900.0,624.75,624.96,624.58,624.79,89.88134,ETH/BUSD,2020-12-23 02:35:00
1608690960.0,624.87,625.1,624.74,624.87,58.53682,ETH/BUSD,2020-12-23 02:36:00
1608691020.0,624.84,625.23,624.74,625.17,84.57649,ETH/BUSD,2020-12-23 02:37:00
1608691080.0,625.23,625.35,625.0,625.34,67.68444,ETH/BUSD,2020-12-23 02:38:00
1608691140.0,625.33,625.69,625.21,625.21,64.43113,ETH/BUSD,2020-12-23 02:39:00
1608691200.0,625.23,625.23,625.15,625.2,27.00639,ETH/BUSD,2020-12-23 02:40:00
1608691260.0,625.21,625.54,624.41,624.54,316.39687,ETH/BUSD,2020-12-23 02:41:00
1608691320.0,624.5,624.54,623.96,624.01,50.48632,ETH/BUSD,2020-12-23 02:42:00
1608691380.0,624.01,624.01,623.37,623.4,121.31547,ETH/BUSD,2020-12-23 02:43:00
1608691440.0,623.4,625.06,623.4,624.96,280.34242,ETH/BUSD,2020-12-23 02:44:00
1608691500.0,624.95,624.95,624.12,624.53,149.18248,ETH/BUSD,2020-12-23 02:45:00
1608691560.0,624.44,624.91,624.44,624.49,82.88883,ETH/BUSD,2020-12-23 02:46:00
1608691620.0,624.46,624.46,623.43,623.5,157.00486,ETH/BUSD,2020-12-23 02:47:00
1608691680.0,623.5,624.36,623.37,624.27,210.07864,ETH/BUSD,2020-12-23 02:48:00
1608691740.0,624.26,624.29,623.07,623.07,144.86645,ETH/BUSD,2020-12-23 02:49:00
1608691800.0,623.06,624.05,623.05,623.73,195.93127,ETH/BUSD,2020-12-23 02:50:00
1608691860.0,623.79,623.84,622.99,623.05,89.40319,ETH/BUSD,2020-12-23 02:51:00
1608691920.0,623.06,623.27,622.86,622.87,88.50189,ETH/BUSD,2020-12-23 02:52:00
1608691980.0,622.89,623.39,622.81,623.03,244.90456,ETH/BUSD,2020-12-23 02:53:00
1608692040.0,622.98,623.43,622.98,623.43,123.67103,ETH/BUSD,2020-12-23 02:54:00
1608692100.0,623.45,623.45,622.27,622.36,187.08676,ETH/BUSD,2020-12-23 02:55:00
1608692160.0,622.33,622.72,622.16,622.57,220.99003,ETH/BUSD,2020-12-23 02:56:00
1608692220.0,622.58,622.96,622.48,622.73,85.25131,ETH/BUSD,2020-12-23 02:57:00
1608692280.0,622.72,623.06,622.57,623.06,45.40627,ETH/BUSD,2020-12-23 02:58:00
1608692340.0,623.08,623.59,623.03,623.09,130.31225,ETH/BUSD,2020-12-23 02:59:00
1608692400.0,623.08,624.51,623.05,624.44,121.48567,ETH/BUSD,2020-12-23 03:00:00
1608692460.0,624.44,625.19,624.44,624.88,306.11396,ETH/BUSD,2020-12-23 03:01:00
1608692520.0,624.96,625.52,624.89,624.89,126.6953,ETH/BUSD,2020-12-23 03:02:00
1608692580.0,624.87,625.11,624.8,624.8,68.64974,ETH/BUSD,2020-12-23 03:03:00
1608692640.0,624.81,624.81,624.27,624.63,126.60564,ETH/BUSD,2020-12-23 03:04:00
1608692700.0,624.62,625.11,624.48,625.01,65.39903,ETH/BUSD,2020-12-23 03:05:00
1608692760.0,624.95,624.95,624.19,624.35,79.60366,ETH/BUSD,2020-12-23 03:06:00
1608692820.0,624.42,624.44,623.87,623.87,69.0632,ETH/BUSD,2020-12-23 03:07:00
1608692880.0,623.87,623.87,622.96,623.22,164.87718,ETH/BUSD,2020-12-23 03:08:00
1608692940.0,623.16,624.08,623.12,624.08,118.91026,ETH/BUSD,2020-12-23 03:09:00
1608693000.0,624.15,624.3,623.72,624.3,142.62391,ETH/BUSD,2020-12-23 03:10:00
1608693060.0,624.3,624.3,623.14,623.19,127.48525,ETH/BUSD,2020-12-23 03:11:00
1608693120.0,623.19,623.5,623.03,623.1,114.50916,ETH/BUSD,2020-12-23 03:12:00
1608693180.0,623.1,623.3,622.28,622.4,209.45694,ETH/BUSD,2020-12-23 03:13:00
1608693240.0,622.41,623.14,622.39,622.72,79.41057,ETH/BUSD,2020-12-23 03:14:00
1608693300.0,622.76,622.76,622.31,622.35,107.10573,ETH/BUSD,2020-12-23 03:15:00
1608693360.0,622.35,624.07,622.21,624.01,254.92078,ETH/BUSD,2020-12-23 03:16:00
1608693420.0,624.01,624.62,624.01,624.18,119.29184,ETH/BUSD,2020-12-23 03:17:00
1608693480.0,624.1,625.2,624.1,624.65,195.80409,ETH/BUSD,2020-12-23 03:18:00
1608693540.0,624.65,625.1,624.44,624.64,128.23792,ETH/BUSD,2020-12-23 03:19:00
1608693600.0,624.64,624.72,624.4,624.55,91.78323,ETH/BUSD,2020-12-23 03:20:00
1608693660.0,624.56,624.59,624.42,624.47,66.44145,ETH/BUSD,2020-12-23 03:21:00
1608693720.0,624.41,625.11,624.41,624.86,191.3991,ETH/BUSD,2020-12-23 03:22:00
1608693780.0,624.78,624.78,624.18,624.45,92.5047,ETH/BUSD,2020-12-23 03:23:00
1608693840.0,624.46,624.56,624.16,624.16,111.09747,ETH/BUSD,2020-12-23 03:24:00
1608693900.0,624.15,624.15,623.72,624.06,139.89358,ETH/BUSD,2020-12-23 03:25:00
1608693960.0,624.06,624.34,623.7,624.09,248.93002,ETH/BUSD,2020-12-23 03:26:00
1608694020.0,624.07,624.22,624.01,624.22,21.7274,ETH/BUSD,2020-12-23 03:27:00
1608694080.0,624.19,624.19,623.44,623.7,186.03717,ETH/BUSD,2020-12-23 03:28:00
1608694140.0,623.7,623.7,623.33,623.6,94.33529,ETH/BUSD,2020-12-23 03:29:00
1608694200.0,623.56,623.56,623.17,623.17,51.16898,ETH/BUSD,2020-12-23 03:30:00
1608694260.0,623.17,623.45,623.17,623.39,80.96327,ETH/BUSD,2020-12-23 03:31:00
1608694320.0,623.4,624.47,623.4,624.35,111.7387,ETH/BUSD,2020-12-23 03:32:00
1608694380.0,624.31,624.51,623.97,624.51,90.71597,ETH/BUSD,2020-12-23 03:33:00
1608694440.0,624.5,624.5,624.08,624.2,33.49703,ETH/BUSD,2020-12-23 03:34:00
1608694500.0,624.2,624.83,624.2,624.83,64.73465,ETH/BUSD,2020-12-23 03:35:00
1608694560.0,624.79,625.83,624.79,625.54,242.32956,ETH/BUSD,2020-12-23 03:36:00
1608694620.0,625.54,625.73,625.15,625.3,109.45998,ETH/BUSD,2020-12-23 03:37:00
1608694680.0,625.27,625.38,625.1,625.17,85.85401,ETH/BUSD,2020-12-23 03:38:00
1608694740.0,625.16,625.42,625.1,625.23,147.87175,ETH/BUSD,2020-12-23 03:39:00
1608694800.0,625.28,625.4,624.8,625.1,200.42448,ETH/BUSD,2020-12-23 03:40:00
1608694860.0,625.11,625.11,624.81,625.03,95.24611,ETH/BUSD,2020-12-23 03:41:00
1608694920.0,625.03,625.86,625.03,625.65,165.99416,ETH/BUSD,2020-12-23 03:42:00
1608694980.0,625.64,625.64,624.95,625.25,257.92045,ETH/BUSD,2020-12-23 03:43:00
1608695040.0,625.25,625.29,624.91,625.13,141.17326,ETH/BUSD,2020-12-23 03:44:00
1608695100.0,625.14,625.33,624.93,625.19,197.33218,ETH/BUSD,2020-12-23 03:45:00
1608695160.0,625.19,625.22,624.7,624.98,532.68443,ETH/BUSD,2020-12-23 03:46:00
1608695220.0,624.99,625.22,624.8,625.08,530.0635,ETH/BUSD,2020-12-23 03:47:00
1608695280.0,625.08,625.08,624.53,624.6,242.3144,ETH/BUSD,2020-12-23 03:48:00
1608695340.0,624.58,624.6,623.69,623.69,220.6784,ETH/BUSD,2020-12-23 03:49:00
1608695400.0,623.77,623.79,623.29,623.69,182.5543,ETH/BUSD,2020-12-23 03:50:00
1608695460.0,623.74,623.74,623.17,623.17,145.54475,ETH/BUSD,2020-12-23 03:51:00
1608695520.0,623.21,623.21,622.6,622.88,200.13946,ETH/BUSD,2020-12-23 03:52:00
1608695580.0,622.91,622.91,622.14,622.31,168.82957,ETH/BUSD,2020-12-23 03:53:00
1608695640.0,622.29,623.57,622.29,623.44,148.61186,ETH/BUSD,2020-12-23 03:54:00
1608695700.0,623.4,623.43,622.66,622.98,85.69583,ETH/BUSD,2020-12-23 03:55:00
1608695760.0,622.97,622.97,622.52,622.68,55.06712,ETH/BUSD,2020-12-23 03:56:00
1608695820.0,622.66,622.66,622.2,622.2,50.78465,ETH/BUSD,2020-12-23 03:57:00
1608695880.0,622.21,622.61,622.21,622.61,68.72517,ETH/BUSD,2020-12-23 03:58:00
1608695940.0,622.61,623.35,622.53,623.2,163.77691,ETH/BUSD,2020-12-23 03:59:00
1608696000.0,623.18,623.18,622.69,622.78,107.82431,ETH/BUSD,2020-12-23 04:00:00
1608696060.0,622.78,622.94,621.07,621.08,316.50446,ETH/BUSD,2020-12-23 04:01:00
1608696120.0,621.08,621.9,620.51,621.19,382.29487,ETH/BUSD,2020-12-23 04:02:00
1608696180.0,621.13,621.15,620.54,620.54,193.86892,ETH/BUSD,2020-12-23 04:03:00
1608696240.0,620.5,621.27,619.67,620.39,511.98069,ETH/BUSD,2020-12-23 04:04:00
1608696300.0,620.4,620.68,618.67,618.67,280.86079,ETH/BUSD,2020-12-23 04:05:00
1608696360.0,618.65,619.32,616.53,618.88,808.3167,ETH/BUSD,2020-12-23 04:06:00
1608696420.0,618.88,619.88,617.62,619.67,392.90076,ETH/BUSD,2020-12-23 04:07:00
1608696480.0,619.66,619.94,619.07,619.13,229.88107,ETH/BUSD,2020-12-23 04:08:00
1608696540.0,619.2,619.98,618.95,619.91,296.02542,ETH/BUSD,2020-12-23 04:09:00
1608696600.0,619.91,621.72,619.88,620.68,401.29979,ETH/BUSD,2020-12-23 04:10:00
1608696660.0,620.64,621.6,620.64,621.32,106.1572,ETH/BUSD,2020-12-23 04:11:00
1608696720.0,621.27,621.55,621.09,621.21,71.60353,ETH/BUSD,2020-12-23 04:12:00
1608696780.0,621.2,621.2,620.5,620.73,147.98212,ETH/BUSD,2020-12-23 04:13:00
1608696840.0,620.73,620.9,620.3,620.61,101.9848,ETH/BUSD,2020-12-23 04:14:00
1608696900.0,620.61,621.91,620.43,621.84,253.33375,ETH/BUSD,2020-12-23 04:15:00
1608696960.0,621.78,623.03,621.78,622.36,361.3413,ETH/BUSD,2020-12-23 04:16:00
1608697020.0,622.33,622.33,621.87,622.21,181.16979,ETH/BUSD,2020-12-23 04:17:00
1608697080.0,622.21,622.27,621.43,622.01,172.34123,ETH/BUSD,2020-12-23 04:18:00
1608697140.0,622.02,623.22,622.02,622.94,281.24408,ETH/BUSD,2020-12-23 04:19:00
1608697200.0,622.95,623.33,622.95,622.96,92.14727,ETH/BUSD,2020-12-23 04:20:00
1608697260.0,622.96,623.1,622.47,622.64,134.62995,ETH/BUSD,2020-12-23 04:21:00
1608697320.0,622.64,623.03,622.64,622.89,93.10633,ETH/BUSD,2020-12-23 04:22:00
1608697380.0,622.86,623.52,622.67,623.3,236.38238,ETH/BUSD,2020-12-23 04:23:00
1608697440.0,623.24,623.38,622.75,622.83,76.53932,ETH/BUSD,2020-12-23 04:24:00
1608697500.0,622.87,623.11,622.83,623.11,68.13178,ETH/BUSD,2020-12-23 04:25:00
1608697560.0,623.11,624.69,623.06,623.83,490.58884,ETH/BUSD,2020-12-23 04:26:00
1608697620.0,623.84,624.59,623.84,624.12,235.68263,ETH/BUSD,2020-12-23 04:27:00
1608697680.0,624.19,624.56,624.15,624.2,51.78606,ETH/BUSD,2020-12-23 04:28:00
1608697740.0,624.2,624.22,623.52,623.68,172.69346,ETH/BUSD,2020-12-23 04:29:00
1608697800.0,623.68,624.14,623.68,623.72,124.57435,ETH/BUSD,2020-12-23 04:30:00
1608697860.0,623.79,624.13,623.77,623.96,121.89801,ETH/BUSD,2020-12-23 04:31:00
1608697920.0,623.88,624.28,623.88,624.01,64.60857,ETH/BUSD,2020-12-23 04:32:00
1608697980.0,624.01,624.2,623.79,623.96,77.01831,ETH/BUSD,2020-12-23 04:33:00
1608698040.0,623.94,624.1,623.68,623.7,36.56349,ETH/BUSD,2020-12-23 04:34:00
1608698100.0,623.74,623.75,623.15,623.15,83.68776,ETH/BUSD,2020-12-23 04:35:00
1608698160.0,623.16,623.67,623.14,623.14,200.12508,ETH/BUSD,2020-12-23 04:36:00
1608698220.0,623.14,623.14,622.31,622.39,256.17945,ETH/BUSD,2020-12-23 04:37:00
1608698280.0,622.36,622.51,621.17,621.63,298.01529,ETH/BUSD,2020-12-23 04:38:00
1608698340.0,621.59,623.43,621.59,623.16,441.90726,ETH/BUSD,2020-12-23 04:39:00
1608698400.0,623.2,623.58,623.11,623.16,149.31722,ETH/BUSD,2020-12-23 04:40:00
1608698460.0,623.11,623.11,621.46,621.67,282.30008,ETH/BUSD,2020-12-23 04:41:00
1608698520.0,621.72,621.72,620.22,620.6,392.16397,ETH/BUSD,2020-12-23 04:42:00
1608698580.0,620.5,620.78,620.21,620.51,307.23285,ETH/BUSD,2020-12-23 04:43:00
1608698640.0,620.55,621.49,620.5,621.36,152.76117,ETH/BUSD,2020-12-23 04:44:00
1608698700.0,621.26,621.26,619.66,619.98,243.83126,ETH/BUSD,2020-12-23 04:45:00
1608698760.0,620.05,620.66,619.92,620.47,188.05613,ETH/BUSD,2020-12-23 04:46:00
1608698820.0,620.48,621.41,620.48,621.41,128.93556,ETH/BUSD,2020-12-23 04:47:00
1608698880.0,621.43,621.47,619.52,619.52,177.20125,ETH/BUSD,2020-12-23 04:48:00
1608698940.0,619.52,619.67,618.48,618.6,389.87118,ETH/BUSD,2020-12-23 04:49:00
1608699000.0,618.59,618.99,617.8,617.86,354.22554,ETH/BUSD,2020-12-23 04:50:00
1608699060.0,617.85,618.87,617.78,618.87,228.30673,ETH/BUSD,2020-12-23 04:51:00
1608699120.0,618.9,619.4,618.16,618.22,161.76227,ETH/BUSD,2020-12-23 04:52:00
1608699180.0,618.12,618.7,617.31,617.57,301.23979,ETH/BUSD,2020-12-23 04:53:00
1608699240.0,617.58,618.66,617.34,617.34,162.75002,ETH/BUSD,2020-12-23 04:54:00
1608699300.0,617.28,617.64,616.84,617.59,209.48298,ETH/BUSD,2020-12-23 04:55:00
1608699360.0,617.6,618.46,616.51,618.29,276.03764,ETH/BUSD,2020-12-23 04:56:00
1608699420.0,618.28,618.71,617.93,617.95,199.02417,ETH/BUSD,2020-12-23 04:57:00
1608699480.0,617.95,618.07,616.96,617.61,259.46198,ETH/BUSD,2020-12-23 04:58:00
1608699540.0,617.57,618.41,617.25,617.34,426.36515,ETH/BUSD,2020-12-23 04:59:00
1608699600.0,617.33,618.34,617.27,618.18,229.70814,ETH/BUSD,2020-12-23 05:00:00
1608699660.0,618.19,619.11,618.19,618.6,239.69159,ETH/BUSD,2020-12-23 05:01:00
1608699720.0,618.55,619.04,618.45,618.91,163.05608,ETH/BUSD,2020-12-23 05:02:00
1608699780.0,618.86,619.02,618.69,618.88,75.04036,ETH/BUSD,2020-12-23 05:03:00
1608699840.0,618.88,619.08,618.87,619.0,37.3877,ETH/BUSD,2020-12-23 05:04:00
1608699900.0,619.0,619.35,617.71,617.74,359.80971,ETH/BUSD,2020-12-23 05:05:00
1608699960.0,617.82,617.82,616.22,616.22,334.6464,ETH/BUSD,2020-12-23 05:06:00
1608700020.0,616.21,616.47,614.59,615.67,802.09545,ETH/BUSD,2020-12-23 05:07:00
1608700080.0,615.72,616.53,615.22,615.46,396.3684,ETH/BUSD,2020-12-23 05:08:00
1608700140.0,615.36,616.5,614.75,616.45,410.82986,ETH/BUSD,2020-12-23 05:09:00
1608700200.0,616.43,616.78,616.01,616.12,142.65826,ETH/BUSD,2020-12-23 05:10:00
1608700260.0,616.03,617.03,616.03,616.5,255.82382,ETH/BUSD,2020-12-23 05:11:00
1608700320.0,616.46,616.86,616.09,616.26,116.94247,ETH/BUSD,2020-12-23 05:12:00
1608700380.0,616.26,616.73,616.26,616.52,152.41344,ETH/BUSD,2020-12-23 05:13:00
1608700440.0,616.47,616.57,615.47,615.56,529.85187,ETH/BUSD,2020-12-23 05:14:00
1608700500.0,615.57,616.01,614.95,615.65,428.43874,ETH/BUSD,2020-12-23 05:15:00
1608700560.0,615.76,616.92,615.58,616.88,324.34255,ETH/BUSD,2020-12-23 05:16:00
1608700620.0,616.82,617.42,616.82,617.32,136.71447,ETH/BUSD,2020-12-23 05:17:00
1608700680.0,617.22,617.23,616.46,616.81,228.92958,ETH/BUSD,2020-12-23 05:18:00
1608700740.0,616.81,617.39,616.74,616.88,241.20363,ETH/BUSD,2020-12-23 05:19:00
1608700800.0,616.89,617.39,616.89,617.34,180.21619,ETH/BUSD,2020-12-23 05:20:00
1608700860.0,617.38,617.84,617.21,617.21,358.37356,ETH/BUSD,2020-12-23 05:21:00
1608700920.0,617.22,617.22,616.22,616.32,248.69353,ETH/BUSD,2020-12-23 05:22:00
1608700980.0,616.3,617.34,616.26,617.17,237.12733,ETH/BUSD,2020-12-23 05:23:00
1608701040.0,617.12,617.12,616.53,616.91,228.79229,ETH/BUSD,2020-12-23 05:24:00
1608701100.0,616.88,617.29,616.62,616.96,163.95167,ETH/BUSD,2020-12-23 05:25:00
1608701160.0,616.98,617.19,615.88,616.12,297.73984,ETH/BUSD,2020-12-23 05:26:00
1608701220.0,616.11,616.11,614.83,615.16,366.34976,ETH/BUSD,2020-12-23 05:27:00
1608701280.0,615.17,615.17,613.24,614.76,711.73348,ETH/BUSD,2020-12-23 05:28:00
1608701340.0,614.86,615.46,614.58,614.97,224.17893,ETH/BUSD,2020-12-23 05:29:00
1608701400.0,614.95,615.28,614.72,615.15,228.25222,ETH/BUSD,2020-12-23 05:30:00
1608701460.0,615.27,615.91,615.22,615.34,216.06403,ETH/BUSD,2020-12-23 05:31:00
1608701520.0,615.33,615.57,615.14,615.25,60.33997,ETH/BUSD,2020-12-23 05:32:00
1608701580.0,615.24,615.24,613.16,613.91,386.86317,ETH/BUSD,2020-12-23 05:33:00
1608701640.0,613.8,614.05,612.34,614.01,501.22791,ETH/BUSD,2020-12-23 05:34:00
1608701700.0,614.01,614.01,611.39,612.57,546.08792,ETH/BUSD,2020-12-23 05:35:00
1608701760.0,612.56,613.58,611.74,611.86,446.446,ETH/BUSD,2020-12-23 05:36:00
1608701820.0,611.9,611.97,610.18,610.71,658.70824,ETH/BUSD,2020-12-23 05:37:00
1608701880.0,610.71,610.98,609.44,609.49,515.35875,ETH/BUSD,2020-12-23 05:38:00
1608701940.0,609.49,610.6,609.49,610.0,387.06144,ETH/BUSD,2020-12-23 05:39:00
1608702000.0,609.96,611.52,609.91,611.48,327.9159,ETH/BUSD,2020-12-23 05:40:00
1608702060.0,611.49,611.99,609.89,610.27,663.05592,ETH/BUSD,2020-12-23 05:41:00
1608702120.0,610.3,611.82,610.17,611.71,405.505,ETH/BUSD,2020-12-23 05:42:00
1608702180.0,611.67,611.73,610.59,610.6,262.85737,ETH/BUSD,2020-12-23 05:43:00
1608702240.0,610.59,611.9,610.45,611.32,244.45215,ETH/BUSD,2020-12-23 05:44:00
1608702300.0,611.24,612.1,610.03,610.67,807.26067,ETH/BUSD,2020-12-23 05:45:00
1608702360.0,610.67,610.75,608.67,610.43,1362.55546,ETH/BUSD,2020-12-23 05:46:00
1608702420.0,610.44,612.32,610.02,612.25,734.90493,ETH/BUSD,2020-12-23 05:47:00
1608702480.0,612.19,613.85,612.18,613.35,303.57852,ETH/BUSD,2020-12-23 05:48:00
1608702540.0,613.35,614.5,613.19,614.04,299.03988,ETH/BUSD,2020-12-23 05:49:00
1608702600.0,614.01,614.04,613.24,613.24,231.76673,ETH/BUSD,2020-12-23 05:50:00
1608702660.0,613.24,614.15,613.07,613.88,174.56036,ETH/BUSD,2020-12-23 05:51:00
1608702720.0,613.88,614.12,613.28,613.67,189.07138,ETH/BUSD,2020-12-23 05:52:00
1608702780.0,613.77,613.97,613.12,613.69,99.56564,ETH/BUSD,2020-12-23 05:53:00
1608702840.0,613.63,614.22,613.63,614.1,143.2445,ETH/BUSD,2020-12-23 05:54:00
1608702900.0,614.11,614.23,612.92,613.14,149.43265,ETH/BUSD,2020-12-23 05:55:00
1608702960.0,613.13,613.19,612.73,612.73,127.78432,ETH/BUSD,2020-12-23 05:56:00
1608703020.0,612.74,613.9,612.74,613.64,366.87618,ETH/BUSD,2020-12-23 05:57:00
1608703080.0,613.69,613.91,613.42,613.51,407.20533,ETH/BUSD,2020-12-23 05:58:00
1608703140.0,613.44,614.68,613.36,614.68,187.50728,ETH/BUSD,2020-12-23 05:59:00
1608703200.0,614.68,614.72,613.71,614.49,347.81662,ETH/BUSD,2020-12-23 06:00:00
1608703260.0,614.6,615.17,614.45,615.15,86.49308,ETH/BUSD,2020-12-23 06:01:00
1608703320.0,615.1,615.59,614.57,615.05,275.96839,ETH/BUSD,2020-12-23 06:02:00
1608703380.0,615.04,616.16,614.79,616.0,186.94037,ETH/BUSD,2020-12-23 06:03:00
1608703440.0,616.1,616.18,615.57,616.13,132.93965,ETH/BUSD,2020-12-23 06:04:00
1608703500.0,616.12,616.13,614.84,614.84,380.33623,ETH/BUSD,2020-12-23 06:05:00
1608703560.0,615.0,615.49,614.82,615.25,223.07375,ETH/BUSD,2020-12-23 06:06:00
1608703620.0,615.23,615.28,614.49,614.75,146.43934,ETH/BUSD,2020-12-23 06:07:00
1608703680.0,614.72,615.17,614.56,614.56,151.79786,ETH/BUSD,2020-12-23 06:08:00
1608703740.0,614.59,615.1,614.41,614.87,143.52206,ETH/BUSD,2020-12-23 06:09:00
1608703800.0,614.93,615.77,614.59,615.54,224.85652,ETH/BUSD,2020-12-23 06:10:00
1608703860.0,615.59,616.37,615.45,615.67,301.1646,ETH/BUSD,2020-12-23 06:11:00
1608703920.0,615.64,616.11,615.52,615.95,58.33618,ETH/BUSD,2020-12-23 06:12:00
1608703980.0,615.87,615.87,614.89,615.27,203.4647,ETH/BUSD,2020-12-23 06:13:00
1608704040.0,615.28,616.4,615.28,616.02,261.51954,ETH/BUSD,2020-12-23 06:14:00
1608704100.0,616.01,616.01,615.66,615.69,59.07943,ETH/BUSD,2020-12-23 06:15:00
1608704160.0,615.65,615.65,614.62,614.99,155.35301,ETH/BUSD,2020-12-23 06:16:00
1608704220.0,615.02,615.3,614.96,615.3,64.52745,ETH/BUSD,2020-12-23 06:17:00
1608704280.0,615.29,615.29,614.61,614.83,135.82576,ETH/BUSD,2020-12-23 06:18:00
1608704340.0,614.82,614.82,613.93,613.93,124.81132,ETH/BUSD,2020-12-23 06:19:00
1608704400.0,614.01,614.41,613.37,613.42,195.80321,ETH/BUSD,2020-12-23 06:20:00
1608704460.0,613.41,613.54,612.35,612.51,409.33621,ETH/BUSD,2020-12-23 06:21:00
1608704520.0,612.53,614.48,612.53,614.28,402.03997,ETH/BUSD,2020-12-23 06:22:00
1608704580.0,614.35,614.39,613.53,613.86,148.82186,ETH/BUSD,2020-12-23 06:23:00
1608704640.0,613.82,615.0,613.82,615.0,324.92456,ETH/BUSD,2020-12-23 06:24:00
1608704700.0,615.01,615.01,614.49,614.93,175.30968,ETH/BUSD,2020-12-23 06:25:00
1608704760.0,614.98,615.13,614.44,614.54,122.23653,ETH/BUSD,2020-12-23 06:26:00
1608704820.0,614.48,614.88,614.39,614.46,82.70183,ETH/BUSD,2020-12-23 06:27:00
1608704880.0,614.46,615.1,614.46,614.97,71.00779,ETH/BUSD,2020-12-23 06:28:00
1608704940.0,615.02,615.02,614.51,614.79,58.29155,ETH/BUSD,2020-12-23 06:29:00
1608705000.0,614.8,614.93,614.73,614.92,35.72822,ETH/BUSD,2020-12-23 06:30:00
1608705060.0,614.85,615.58,614.85,615.55,113.5248,ETH/BUSD,2020-12-23 06:31:00
1608705120.0,615.59,615.85,615.53,615.69,65.80381,ETH/BUSD,2020-12-23 06:32:00
1608705180.0,615.73,616.38,615.67,616.32,144.2108,ETH/BUSD,2020-12-23 06:33:00
1608705240.0,616.35,617.26,616.33,616.8,202.47173,ETH/BUSD,2020-12-23 06:34:00
1608705300.0,616.75,616.75,615.03,615.03,219.27726,ETH/BUSD,2020-12-23 06:35:00
1608705360.0,615.03,615.98,615.03,615.89,112.43015,ETH/BUSD,2020-12-23 06:36:00
1608705420.0,615.8,615.8,615.23,615.5,92.21954,ETH/BUSD,2020-12-23 06:37:00
1608705480.0,615.42,615.42,614.84,614.92,90.64861,ETH/BUSD,2020-12-23 06:38:00
1608705540.0,614.83,614.83,614.38,614.67,112.27874,ETH/BUSD,2020-12-23 06:39:00
1608705600.0,614.67,616.16,614.67,615.99,194.13671,ETH/BUSD,2020-12-23 06:40:00
1608705660.0,616.03,616.83,616.03,616.67,159.52736,ETH/BUSD,2020-12-23 06:41:00
1608705720.0,616.69,616.96,616.32,616.32,82.23828,ETH/BUSD,2020-12-23 06:42:00
1608705780.0,616.33,616.45,615.36,615.79,197.48129,ETH/BUSD,2020-12-23 06:43:00
1608705840.0,615.73,615.91,615.19,615.65,280.32515,ETH/BUSD,2020-12-23 06:44:00
1608705900.0,615.68,615.94,615.57,615.91,103.9193,ETH/BUSD,2020-12-23 06:45:00
1608705960.0,615.95,616.76,615.95,616.4,203.54689,ETH/BUSD,2020-12-23 06:46:00
1608706020.0,616.41,617.14,616.41,617.13,183.9037,ETH/BUSD,2020-12-23 06:47:00
1608706080.0,617.14,617.75,616.95,616.95,242.31517,ETH/BUSD,2020-12-23 06:48:00
1608706140.0,616.95,617.17,616.49,616.69,207.62804,ETH/BUSD,2020-12-23 06:49:00
1608706200.0,616.68,616.75,616.26,616.3,156.83421,ETH/BUSD,2020-12-23 06:50:00
1608706260.0,616.26,616.44,616.13,616.44,121.93337,ETH/BUSD,2020-12-23 06:51:00
1608706320.0,616.45,616.45,615.19,615.32,271.42262,ETH/BUSD,2020-12-23 06:52:00
1608706380.0,615.31,615.31,614.25,614.31,172.25772,ETH/BUSD,2020-12-23 06:53:00
1608706440.0,614.31,614.45,613.66,614.04,279.17808,ETH/BUSD,2020-12-23 06:54:00
1608706500.0,614.04,614.04,613.44,613.47,83.82816,ETH/BUSD,2020-12-23 06:55:00
1608706560.0,613.47,613.68,613.0,613.05,170.78831,ETH/BUSD,2020-12-23 06:56:00
1608706620.0,613.05,614.56,612.91,614.34,400.49433,ETH/BUSD,2020-12-23 06:57:00
1608706680.0,614.29,614.54,613.84,614.22,207.08626,ETH/BUSD,2020-12-23 06:58:00
1608706740.0,614.22,614.41,613.81,614.3,114.54755,ETH/BUSD,2020-12-23 06:59:00
1608706800.0,614.27,614.27,612.45,612.49,445.33395,ETH/BUSD,2020-12-23 07:00:00
1608706860.0,612.48,613.03,612.47,612.47,148.32587,ETH/BUSD,2020-12-23 07:01:00
1608706920.0,612.46,612.91,611.91,612.34,288.95638,ETH/BUSD,2020-12-23 07:02:00
1608706980.0,612.41,612.45,611.65,611.91,235.09205,ETH/BUSD,2020-12-23 07:03:00
1608707040.0,612.01,612.27,611.54,612.26,202.37667,ETH/BUSD,2020-12-23 07:04:00
1608707100.0,612.23,612.24,610.82,611.25,224.97733,ETH/BUSD,2020-12-23 07:05:00
1608707160.0,611.25,611.86,611.25,611.35,187.91081,ETH/BUSD,2020-12-23 07:06:00
1608707220.0,611.36,612.07,611.36,611.69,179.57627,ETH/BUSD,2020-12-23 07:07:00
1608707280.0,611.76,611.83,611.16,611.3,107.51201,ETH/BUSD,2020-12-23 07:08:00
1608707340.0,611.3,612.24,611.3,612.15,143.07231,ETH/BUSD,2020-12-23 07:09:00
1608707400.0,612.07,612.79,611.91,612.19,164.98027,ETH/BUSD,2020-12-23 07:10:00
1608707460.0,612.23,612.33,611.15,611.37,282.62976,ETH/BUSD,2020-12-23 07:11:00
1608707520.0,611.35,611.36,610.03,610.03,382.92441,ETH/BUSD,2020-12-23 07:12:00
1608707580.0,610.04,610.67,610.04,610.67,344.71839,ETH/BUSD,2020-12-23 07:13:00
1608707640.0,610.67,611.13,609.92,611.11,271.64114,ETH/BUSD,2020-12-23 07:14:00
1608707700.0,611.12,611.41,610.15,610.15,369.86656,ETH/BUSD,2020-12-23 07:15:00
1608707760.0,610.13,610.24,609.53,609.69,236.282,ETH/BUSD,2020-12-23 07:16:00
1608707820.0,609.68,609.91,607.75,609.48,744.3693,ETH/BUSD,2020-12-23 07:17:00
1608707880.0,609.49,610.74,609.49,610.4,237.03772,ETH/BUSD,2020-12-23 07:18:00
1608707940.0,610.35,610.81,609.96,610.81,206.1809,ETH/BUSD,2020-12-23 07:19:00
1608708000.0,610.85,612.19,610.83,612.09,187.93173,ETH/BUSD,2020-12-23 07:20:00
1608708060.0,612.08,612.37,611.36,612.19,131.46592,ETH/BUSD,2020-12-23 07:21:00
1608708120.0,612.2,612.54,612.18,612.36,68.91045,ETH/BUSD,2020-12-23 07:22:00
1608708180.0,612.38,612.38,611.7,611.9,155.10247,ETH/BUSD,2020-12-23 07:23:00
1608708240.0,611.81,612.37,611.81,612.15,125.06475,ETH/BUSD,2020-12-23 07:24:00
1608708300.0,612.22,613.41,612.08,613.27,143.61107,ETH/BUSD,2020-12-23 07:25:00
1608708360.0,613.24,613.24,612.75,613.15,67.8426,ETH/BUSD,2020-12-23 07:26:00
1608708420.0,613.15,613.21,612.65,612.89,76.46491,ETH/BUSD,2020-12-23 07:27:00
1608708480.0,612.94,613.17,612.64,612.77,112.20615,ETH/BUSD,2020-12-23 07:28:00
1608708540.0,612.78,613.38,612.75,613.38,66.38588,ETH/BUSD,2020-12-23 07:29:00
1608708600.0,613.37,614.28,613.36,614.28,311.36471,ETH/BUSD,2020-12-23 07:30:00
1608708660.0,614.28,614.9,613.75,614.61,215.42346,ETH/BUSD,2020-12-23 07:31:00
1608708720.0,614.62,615.58,614.62,615.2,596.05063,ETH/BUSD,2020-12-23 07:32:00
1608708780.0,615.17,616.13,615.17,615.83,345.09034,ETH/BUSD,2020-12-23 07:33:00
1608708840.0,615.87,616.05,615.57,615.94,139.48209,ETH/BUSD,2020-12-23 07:34:00
1608708900.0,615.96,616.19,615.59,615.65,61.57485,ETH/BUSD,2020-12-23 07:35:00
1608708960.0,615.68,616.01,615.6,615.9,43.74564,ETH/BUSD,2020-12-23 07:36:00
1608709020.0,615.94,615.95,615.53,615.6,134.45231,ETH/BUSD,2020-12-23 07:37:00
1608709080.0,615.6,616.83,615.4,616.39,238.03099,ETH/BUSD,2020-12-23 07:38:00
1608709140.0,616.37,616.52,615.76,616.37,141.89087,ETH/BUSD,2020-12-23 07:39:00
1608709200.0,616.36,616.36,615.49,615.51,180.69638,ETH/BUSD,2020-12-23 07:40:00
1608709260.0,615.63,615.76,615.04,615.76,163.50383,ETH/BUSD,2020-12-23 07:41:00
1608709320.0,615.84,616.02,614.88,615.01,152.09207,ETH/BUSD,2020-12-23 07:42:00
1608709380.0,615.02,615.66,615.02,615.28,142.85495,ETH/BUSD,2020-12-23 07:43:00
1608709440.0,615.39,615.6,615.19,615.33,76.00606,ETH/BUSD,2020-12-23 07:44:00
1608709500.0,615.33,615.33,615.01,615.03,70.02135,ETH/BUSD,2020-12-23 07:45:00
1608709560.0,615.03,616.44,615.0,616.33,160.311,ETH/BUSD,2020-12-23 07:46:00
1608709620.0,616.34,616.43,616.03,616.19,85.72099,ETH/BUSD,2020-12-23 07:47:00
1608709680.0,616.17,616.34,615.84,616.12,145.22285,ETH/BUSD,2020-12-23 07:48:00
1608709740.0,616.22,616.79,616.22,616.79,125.11963,ETH/BUSD,2020-12-23 07:49:00
1608709800.0,616.79,617.31,616.7,616.84,280.90848,ETH/BUSD,2020-12-23 07:50:00
1608709860.0,616.75,616.75,616.07,616.15,100.18491,ETH/BUSD,2020-12-23 07:51:00
1608709920.0,616.12,616.12,615.15,615.34,198.98974,ETH/BUSD,2020-12-23 07:52:00
1608709980.0,615.33,615.47,615.19,615.4,58.28394,ETH/BUSD,2020-12-23 07:53:00
1608710040.0,615.33,615.46,614.79,615.46,182.83613,ETH/BUSD,2020-12-23 07:54:00
1608710100.0,615.46,615.61,615.1,615.61,99.27165,ETH/BUSD,2020-12-23 07:55:00
1608710160.0,615.63,617.49,615.53,617.34,349.81068,ETH/BUSD,2020-12-23 07:56:00
1608710220.0,617.3,617.86,616.77,617.27,330.02667,ETH/BUSD,2020-12-23 07:57:00
1608710280.0,617.11,617.11,615.93,616.05,163.76275,ETH/BUSD,2020-12-23 07:58:00
1608710340.0,616.05,616.33,615.57,615.57,129.92697,ETH/BUSD,2020-12-23 07:59:00
1608710400.0,615.55,615.55,614.69,614.77,249.78946,ETH/BUSD,2020-12-23 08:00:00
1608710460.0,614.74,615.5,614.08,615.42,208.64242,ETH/BUSD,2020-12-23 08:01:00
1608710520.0,615.43,617.25,615.3,616.91,236.27333,ETH/BUSD,2020-12-23 08:02:00
1608710580.0,616.89,618.89,616.89,618.89,395.34866,ETH/BUSD,2020-12-23 08:03:00
1608710640.0,618.88,618.88,618.05,618.05,396.22913,ETH/BUSD,2020-12-23 08:04:00
1608710700.0,618.06,619.12,617.93,618.81,206.09038,ETH/BUSD,2020-12-23 08:05:00
1608710760.0,618.82,619.43,618.75,619.0,149.95861,ETH/BUSD,2020-12-23 08:06:00
1608710820.0,619.0,619.25,618.75,619.1,205.79914,ETH/BUSD,2020-12-23 08:07:00
1608710880.0,619.1,619.41,618.72,619.41,145.786,ETH/BUSD,2020-12-23 08:08:00
1608710940.0,619.4,620.48,619.21,619.27,859.47532,ETH/BUSD,2020-12-23 08:09:00
1608711000.0,619.27,619.46,618.65,618.68,821.56003,ETH/BUSD,2020-12-23 08:10:00
1608711060.0,618.68,619.37,618.57,619.27,108.81308,ETH/BUSD,2020-12-23 08:11:00
1608711120.0,619.26,619.26,618.81,618.82,86.05411,ETH/BUSD,2020-12-23 08:12:00
1608711180.0,618.81,618.81,618.16,618.22,161.38589,ETH/BUSD,2020-12-23 08:13:00
1608711240.0,618.24,618.79,618.0,618.41,518.26031,ETH/BUSD,2020-12-23 08:14:00
1608711300.0,618.4,618.4,618.0,618.2,680.56613,ETH/BUSD,2020-12-23 08:15:00
1608711360.0,618.2,618.85,618.2,618.59,225.05155,ETH/BUSD,2020-12-23 08:16:00
1608711420.0,618.58,618.76,618.35,618.35,54.18213,ETH/BUSD,2020-12-23 08:17:00
1608711480.0,618.41,618.59,617.71,617.91,122.46124,ETH/BUSD,2020-12-23 08:18:00
1608711540.0,617.89,618.77,617.89,618.52,322.35343,ETH/BUSD,2020-12-23 08:19:00
1608711600.0,618.53,618.53,617.66,617.66,146.94052,ETH/BUSD,2020-12-23 08:20:00
1608711660.0,617.67,617.67,617.0,617.41,169.1256,ETH/BUSD,2020-12-23 08:21:00
1608711720.0,617.46,618.06,617.44,617.47,78.39061,ETH/BUSD,2020-12-23 08:22:00
1608711780.0,617.48,617.96,617.48,617.76,69.71317,ETH/BUSD,2020-12-23 08:23:00
1608711840.0,617.76,618.23,617.68,617.97,184.52966,ETH/BUSD,2020-12-23 08:24:00
1608711900.0,617.99,618.28,617.37,617.52,151.24194,ETH/BUSD,2020-12-23 08:25:00
1608711960.0,617.53,617.68,617.5,617.56,499.59386,ETH/BUSD,2020-12-23 08:26:00
1608712020.0,617.56,617.56,616.86,617.34,444.64102,ETH/BUSD,2020-12-23 08:27:00
1608712080.0,617.34,618.0,617.23,617.59,126.33882,ETH/BUSD,2020-12-23 08:28:00
1608712140.0,617.51,618.37,617.37,618.24,91.76068,ETH/BUSD,2020-12-23 08:29:00
1608712200.0,618.22,618.22,617.45,617.49,139.96616,ETH/BUSD,2020-12-23 08:30:00
1608712260.0,617.51,617.52,617.24,617.45,132.43109,ETH/BUSD,2020-12-23 08:31:00
1608712320.0,617.46,617.52,617.15,617.26,68.68966,ETH/BUSD,2020-12-23 08:32:00
1608712380.0,617.21,617.44,617.07,617.31,85.12673,ETH/BUSD,2020-12-23 08:33:00
1608712440.0,617.28,617.41,617.03,617.21,104.50751,ETH/BUSD,2020-12-23 08:34:00
1608712500.0,617.26,617.91,617.13,617.41,167.70676,ETH/BUSD,2020-12-23 08:35:00
1608712560.0,617.34,617.34,617.0,617.06,91.68628,ETH/BUSD,2020-12-23 08:36:00
1608712620.0,617.06,617.06,615.36,615.54,294.61295,ETH/BUSD,2020-12-23 08:37:00
1608712680.0,615.55,616.77,615.55,616.77,137.76935,ETH/BUSD,2020-12-23 08:38:00
1608712740.0,616.82,616.82,615.17,615.2,457.47723,ETH/BUSD,2020-12-23 08:39:00
1608712800.0,615.16,615.81,614.28,614.37,347.03198,ETH/BUSD,2020-12-23 08:40:00
1608712860.0,614.36,615.04,614.3,614.6,199.1747,ETH/BUSD,2020-12-23 08:41:00
1608712920.0,614.54,614.54,613.88,614.08,271.76691,ETH/BUSD,2020-12-23 08:42:00
1608712980.0,614.13,614.39,612.72,613.41,335.2403,ETH/BUSD,2020-12-23 08:43:00
1608713040.0,613.34,613.93,612.63,613.76,205.08834,ETH/BUSD,2020-12-23 08:44:00
1608713100.0,613.63,613.71,612.96,613.52,183.00024,ETH/BUSD,2020-12-23 08:45:00
1608713160.0,613.63,613.78,613.28,613.7,135.94796,ETH/BUSD,2020-12-23 08:46:00
1608713220.0,613.72,614.08,613.06,613.07,118.8066,ETH/BUSD,2020-12-23 08:47:00
