Timestamp,Open,High,Low,Close,Date
1502928000.0,301.13000000,312.18000000,298.00000000,302.00000000,2017-08-17
1503014400.0,302.00000000,311.79000000,283.94000000,293.96000000,2017-08-18
1503100800.0,293.31000000,299.90000000,278.00000000,290.91000000,2017-08-19
1503187200.0,289.41000000,300.53000000,282.85000000,299.10000000,2017-08-20
1503273600.0,299.10000000,346.52000000,294.60000000,323.29000000,2017-08-21
1503360000.0,321.04000000,330.41000000,144.21000000,309.80000000,2017-08-22
1503446400.0,312.25000000,324.99000000,309.41000000,315.74000000,2017-08-23
1503532800.0,315.74000000,328.04000000,314.01000000,323.42000000,2017-08-24
1503619200.0,323.42000000,338.28000000,323.42000000,327.24000000,2017-08-25
1503705600.0,327.24000000,335.44000000,323.41000000,330.79000000,2017-08-26
1503792000.0,332.18000000,348.13000000,330.73000000,348.13000000,2017-08-27
1503878400.0,348.11000000,351.00000000,331.95000000,346.00000000,2017-08-28
1503964800.0,347.00000000,377.60000000,346.00000000,374.70000000,2017-08-29
1504051200.0,374.70000000,393.71000000,362.05000000,385.93000000,2017-08-30
1504137600.0,384.64000000,389.36000000,377.78000000,384.79000000,2017-08-31
1504224000.0,386.44000000,394.39000000,383.18000000,388.46000000,2017-09-01
1504310400.0,388.58000000,394.32000000,320.08000000,343.14000000,2017-09-02
1504396800.0,343.56000000,367.28000000,320.08000000,341.77000000,2017-09-03
1504483200.0,339.29000000,344.55000000,267.94000000,283.77000000,2017-09-04
1504569600.0,286.81000000,321.52000000,235.55000000,312.09000000,2017-09-05
1504656000.0,313.29000000,336.34000000,312.09000000,335.00000000,2017-09-06
1504742400.0,335.01000000,342.50000000,320.17000000,334.49000000,2017-09-07
1504828800.0,334.49000000,335.10000000,272.00000000,302.99000000,2017-09-08
1504915200.0,300.01000000,307.00000000,281.66000000,296.74000000,2017-09-09
1505001600.0,296.72000000,302.78000000,261.03000000,293.50000000,2017-09-10
1505088000.0,293.51000000,304.98000000,285.21000000,297.30000000,2017-09-11
1505174400.0,297.78000000,316.46000000,286.01000000,293.96000000,2017-09-12
1505260800.0,293.93000000,294.50000000,257.05000000,276.91000000,2017-09-13
1505347200.0,275.76000000,283.77000000,215.00000000,215.21000000,2017-09-14
1505433600.0,217.00000000,270.93000000,192.00000000,253.00000000,2017-09-15
1505520000.0,255.99000000,271.81000000,235.51000000,249.31000000,2017-09-16
1505606400.0,249.32000000,264.39000000,239.02000000,257.55000000,2017-09-17
1505692800.0,257.53000000,306.22000000,257.11000000,294.57000000,2017-09-18
1505779200.0,296.00000000,300.00000000,277.41000000,284.00000000,2017-09-19
1505865600.0,284.01000000,294.00000000,275.91000000,282.00000000,2017-09-20
1505952000.0,285.10000000,287.00000000,252.10000000,257.00000000,2017-09-21
1506038400.0,258.00000000,272.97000000,253.01000000,264.00000000,2017-09-22
1506124800.0,259.99000000,286.23000000,255.11000000,285.93000000,2017-09-23
1506211200.0,286.50000000,294.61000000,275.00000000,282.00000000,2017-09-24
1506297600.0,282.00000000,299.00000000,281.34000000,294.42000000,2017-09-25
1506384000.0,294.42000000,296.81000000,286.24000000,287.90000000,2017-09-26
1506470400.0,289.91000000,313.00000000,286.13000000,309.74000000,2017-09-27
1506556800.0,309.81000000,311.81000000,296.89000000,302.44000000,2017-09-28
1506643200.0,302.44000000,303.00000000,274.00000000,292.22000000,2017-09-29
1506729600.0,292.62000000,307.49000000,292.22000000,304.36000000,2017-09-30
1506816000.0,305.13000000,306.00000000,294.00000000,303.95000000,2017-10-01
1506902400.0,303.94000000,305.00000000,295.00000000,296.50000000,2017-10-02
1506988800.0,298.15000000,301.99000000,283.18000000,292.48000000,2017-10-03
1507075200.0,292.47000000,297.97000000,288.00000000,291.99000000,2017-10-04
1507161600.0,290.00000000,297.44000000,285.53000000,294.81000000,2017-10-05
1507248000.0,294.78000000,310.80000000,293.78000000,310.80000000,2017-10-06
1507334400.0,309.90000000,318.50000000,303.60000000,311.01000000,2017-10-07
1507420800.0,311.08000000,317.07000000,309.00000000,311.07000000,2017-10-08
1507507200.0,311.13000000,312.13000000,286.65000000,297.19000000,2017-10-09
1507593600.0,297.35000000,308.56000000,293.00000000,298.64000000,2017-10-10
1507680000.0,300.88000000,305.50000000,298.02000000,304.01000000,2017-10-11
1507766400.0,304.01000000,310.00000000,302.71000000,303.99000000,2017-10-12
1507852800.0,303.52000000,353.96000000,297.00000000,337.96000000,2017-10-13
1507939200.0,337.96000000,349.80000000,335.00000000,342.00000000,2017-10-14
1508025600.0,342.00000000,348.00000000,316.17000000,337.96000000,2017-10-15
1508112000.0,337.50000000,354.00000000,332.78000000,335.19000000,2017-10-16
1508198400.0,335.18000000,336.58000000,312.65000000,315.19000000,2017-10-17
1508284800.0,315.19000000,318.00000000,284.68000000,309.70000000,2017-10-18
1508371200.0,311.52000000,315.00000000,300.00000000,308.66000000,2017-10-19
1508457600.0,308.66000000,311.18000000,302.00000000,304.51000000,2017-10-20
1508544000.0,304.51000000,305.34000000,290.00000000,298.94000000,2017-10-21
1508630400.0,298.99000000,306.99000000,290.00000000,293.79000000,2017-10-22
1508716800.0,293.78000000,294.60000000,272.20000000,281.09000000,2017-10-23
1508803200.0,282.27000000,310.00000000,275.50000000,297.38000000,2017-10-24
1508889600.0,295.43000000,300.00000000,281.00000000,294.49000000,2017-10-25
1508976000.0,294.10000000,299.76000000,291.03000000,294.71000000,2017-10-26
1509062400.0,294.72000000,298.10000000,292.03000000,296.33000000,2017-10-27
1509148800.0,296.14000000,297.00000000,290.10000000,291.87000000,2017-10-28
1509235200.0,291.86000000,309.40000000,291.86000000,305.00000000,2017-10-29
1509321600.0,305.00000000,316.00000000,302.10000000,307.25000000,2017-10-30
1509408000.0,305.95000000,309.99000000,304.01000000,304.90000000,2017-10-31
1509494400.0,304.89000000,305.90000000,286.34000000,287.01000000,2017-11-01
1509580800.0,287.30000000,293.00000000,274.73000000,283.12000000,2017-11-02
1509667200.0,283.12000000,307.00000000,282.00000000,304.08000000,2017-11-03
1509753600.0,304.09000000,304.99000000,292.11000000,298.04000000,2017-11-04
1509840000.0,298.10000000,302.14000000,293.13000000,295.53000000,2017-11-05
1509926400.0,295.19000000,305.58000000,290.11000000,297.97000000,2017-11-06
1510012800.0,297.25000000,303.52000000,287.00000000,291.78000000,2017-11-07
1510099200.0,291.31000000,320.00000000,290.02000000,303.02000000,2017-11-08
1510185600.0,303.60000000,329.00000000,299.50000000,317.87000000,2017-11-09
1510272000.0,318.50000000,322.65000000,285.82000000,293.50000000,2017-11-10
1510358400.0,293.52000000,318.00000000,291.91000000,310.02000000,2017-11-11
1510444800.0,310.87000000,316.99000000,281.01000000,305.24000000,2017-11-12
1510531200.0,304.00000000,318.88000000,303.70000000,312.99000000,2017-11-13
1510617600.0,313.00000000,337.54000000,312.94000000,335.61000000,2017-11-14
1510704000.0,335.60000000,339.00000000,324.00000000,331.33000000,2017-11-15
1510790400.0,330.98000000,334.75000000,321.41000000,331.49000000,2017-11-16
1510876800.0,331.49000000,334.60000000,323.84000000,331.23000000,2017-11-17
1510963200.0,331.20000000,349.90000000,326.01000000,346.66000000,2017-11-18
1511049600.0,346.66000000,373.56000000,343.07000000,354.15000000,2017-11-19
1511136000.0,355.15000000,372.50000000,353.90000000,367.42000000,2017-11-20
1511222400.0,367.42000000,375.50000000,350.02000000,362.12000000,2017-11-21
1511308800.0,362.12000000,384.84000000,359.00000000,380.65000000,2017-11-22
1511395200.0,380.63000000,425.00000000,370.02000000,405.00000000,2017-11-23
1511481600.0,405.03000000,475.00000000,392.80000000,469.00000000,2017-11-24
1511568000.0,467.57000000,484.47000000,450.00000000,461.82000000,2017-11-25
1511654400.0,461.00000000,465.00000000,436.14000000,462.84000000,2017-11-26
1511740800.0,462.84000000,486.94000000,453.00000000,472.31000000,2017-11-27
1511827200.0,472.32000000,477.50000000,453.50000000,466.17000000,2017-11-28
1511913600.0,466.17000000,515.00000000,385.00000000,421.70000000,2017-11-29
1512000000.0,421.92000000,460.00000000,387.01000000,427.43000000,2017-11-30
1512086400.0,428.05000000,465.97000000,413.74000000,457.51000000,2017-12-01
1512172800.0,457.53000000,471.91000000,445.00000000,457.63000000,2017-12-02
1512259200.0,457.31000000,485.90000000,440.11000000,460.30000000,2017-12-03
1512345600.0,460.30000000,470.98000000,445.00000000,466.67000000,2017-12-04
1512432000.0,466.66000000,468.67000000,445.21000000,452.26000000,2017-12-05
1512518400.0,452.26000000,455.10000000,400.00000000,411.01000000,2017-12-06
1512604800.0,413.50000000,427.61000000,375.01000000,406.33000000,2017-12-07
1512691200.0,406.52000000,456.78000000,390.00000000,442.56000000,2017-12-08
1512777600.0,442.56000000,488.00000000,426.40000000,460.00000000,2017-12-09
1512864000.0,460.00000000,460.05000000,403.20000000,427.35000000,2017-12-10
1512950400.0,427.35000000,512.00000000,427.35000000,508.70000000,2017-12-11
1513036800.0,508.44000000,639.27000000,494.89000000,620.00000000,2017-12-12
1513123200.0,622.00000000,705.69000000,539.93000000,683.99000000,2017-12-13
1513209600.0,683.98000000,747.60000000,630.50000000,679.76000000,2017-12-14
1513296000.0,679.76000000,689.00000000,594.60000000,674.95000000,2017-12-15
1513382400.0,673.75000000,712.00000000,669.22000000,682.81000000,2017-12-16
1513468800.0,681.80000000,728.00000000,680.33000000,707.64000000,2017-12-17
1513555200.0,707.62000000,798.88000000,638.00000000,784.00000000,2017-12-18
1513641600.0,784.00000000,864.90000000,729.01000000,798.00000000,2017-12-19
1513728000.0,798.00000000,828.00000000,661.00000000,790.21000000,2017-12-20
1513814400.0,794.62000000,845.99000000,705.98000000,782.41000000,2017-12-21
1513900800.0,784.00000000,796.00000000,504.99000000,635.97000000,2017-12-22
1513987200.0,635.15000000,714.99000000,627.97000000,640.34000000,2017-12-23
1514073600.0,640.33000000,667.64000000,563.49000000,658.00000000,2017-12-24
1514160000.0,659.40000000,744.00000000,599.99000000,714.95000000,2017-12-25
1514246400.0,713.12000000,750.00000000,712.56000000,750.00000000,2017-12-26
1514332800.0,750.00000000,766.05000000,693.18000000,739.89000000,2017-12-27
1514419200.0,739.89000000,744.93000000,645.88000000,707.89000000,2017-12-28
1514505600.0,709.50000000,757.87000000,703.00000000,733.99000000,2017-12-29
1514592000.0,732.90000000,735.00000000,635.82000000,681.06000000,2017-12-30
1514678400.0,680.01000000,740.00000000,672.86000000,733.98000000,2017-12-31
1514764800.0,733.01000000,763.55000000,716.80000000,754.99000000,2018-01-01
1514851200.0,754.99000000,899.50000000,749.06000000,855.28000000,2018-01-02
1514937600.0,855.13000000,950.01000000,810.00000000,934.03000000,2018-01-03
1515024000.0,934.03000000,1009.72000000,890.01000000,940.00000000,2018-01-04
1515110400.0,940.00000000,1045.00000000,930.00000000,959.30000000,2018-01-05
1515196800.0,958.00000000,1017.56000000,950.00000000,1004.11000000,2018-01-06
1515283200.0,1003.71000000,1125.00000000,999.90000000,1123.09000000,2018-01-07
1515369600.0,1123.09000000,1239.18000000,910.00000000,1133.18000000,2018-01-08
1515456000.0,1133.18000000,1326.50000000,1104.85000000,1291.00000000,2018-01-09
1515542400.0,1291.00000000,1440.00000000,1201.10000000,1247.00000000,2018-01-10
1515628800.0,1249.03000000,1332.49000000,1021.00000000,1138.93000000,2018-01-11
1515715200.0,1136.45000000,1288.50000000,1069.01000000,1253.87000000,2018-01-12
1515801600.0,1253.87000000,1427.01000000,1252.00000000,1388.02000000,2018-01-13
1515888000.0,1388.10000000,1391.89000000,1220.89000000,1347.00000000,2018-01-14
1515974400.0,1347.99000000,1383.13000000,1258.12000000,1271.00000000,2018-01-15
1516060800.0,1268.67000000,1275.01000000,780.00000000,1000.00000000,2018-01-16
1516147200.0,999.99000000,1075.51000000,755.00000000,1000.00000000,2018-01-17
1516233600.0,1000.00000000,1075.20000000,924.21000000,994.00000000,2018-01-18
1516320000.0,993.30000000,1079.00000000,941.00000000,1032.50000000,2018-01-19
1516406400.0,1032.50000000,1165.40000000,1031.00000000,1152.75000000,2018-01-20
1516492800.0,1150.37000000,1152.69000000,998.00000000,1049.00000000,2018-01-21
1516579200.0,1049.00000000,1090.15000000,908.00000000,993.00000000,2018-01-22
1516665600.0,993.00000000,1030.00000000,909.00000000,980.00000000,2018-01-23
1516752000.0,981.20000000,1074.00000000,953.09000000,1061.00000000,2018-01-24
1516838400.0,1060.34000000,1115.00000000,1030.26000000,1056.52000000,2018-01-25
1516924800.0,1055.29000000,1082.00000000,986.00000000,1051.03000000,2018-01-26
1517011200.0,1051.03000000,1127.99000000,1032.20000000,1118.99000000,2018-01-27
1517097600.0,1118.99000000,1277.00000000,1112.00000000,1251.96000000,2018-01-28
1517184000.0,1251.96000000,1258.89000000,1161.65000000,1177.01000000,2018-01-29
1517270400.0,1177.01000000,1186.85000000,1051.00000000,1085.50000000,2018-01-30
1517356800.0,1084.63000000,1135.00000000,1029.00000000,1124.81000000,2018-01-31
1517443200.0,1125.96000000,1164.99000000,981.00000000,1041.94000000,2018-02-01
1517529600.0,1041.89000000,1047.20000000,783.67000000,922.30000000,2018-02-02
1517616000.0,923.67000000,998.00000000,851.00000000,971.00000000,2018-02-03
1517702400.0,971.00000000,975.00000000,789.00000000,823.56000000,2018-02-04
1517788800.0,821.60000000,862.47000000,634.94000000,697.92000000,2018-02-05
1517875200.0,697.93000000,798.00000000,570.10000000,779.25000000,2018-02-06
1517961600.0,779.99000000,849.00000000,714.18000000,754.00000000,2018-02-07
1518048000.0,753.19000000,786.93000000,751.00000000,781.66000000,2018-02-08
1518134400.0,781.66000000,882.20000000,781.66000000,877.00000000,2018-02-09
1518220800.0,876.30000000,911.20000000,800.00000000,851.15000000,2018-02-10
1518307200.0,851.15000000,857.00000000,768.28000000,808.99000000,2018-02-11
1518393600.0,808.58000000,877.56000000,807.46000000,866.66000000,2018-02-12
1518480000.0,866.39000000,871.00000000,820.00000000,841.57000000,2018-02-13
1518566400.0,841.57000000,924.99000000,841.30000000,919.09000000,2018-02-14
1518652800.0,919.09000000,946.66000000,895.59000000,924.55000000,2018-02-15
1518739200.0,924.55000000,948.48000000,901.36000000,938.67000000,2018-02-16
1518825600.0,938.60000000,974.00000000,933.48000000,969.99000000,2018-02-17
1518912000.0,969.99000000,978.50000000,897.00000000,911.00000000,2018-02-18
1518998400.0,911.00000000,956.22000000,906.04000000,938.11000000,2018-02-19
1519084800.0,939.17000000,961.00000000,873.00000000,882.99000000,2018-02-20
1519171200.0,882.99000000,908.88000000,812.87000000,835.89000000,2018-02-21
1519257600.0,836.35000000,871.96000000,786.60000000,801.49000000,2018-02-22
1519344000.0,801.47000000,885.00000000,785.99000000,851.60000000,2018-02-23
1519430400.0,851.59000000,875.00000000,805.00000000,833.94000000,2018-02-24
1519516800.0,833.92000000,849.50000000,813.18000000,841.19000000,2018-02-25
1519603200.0,841.46000000,882.00000000,833.00000000,867.98000000,2018-02-26
1519689600.0,867.98000000,897.49000000,860.69000000,870.11000000,2018-02-27
1519776000.0,871.84000000,891.00000000,850.30000000,853.50000000,2018-02-28
1519862400.0,853.50000000,879.96000000,848.65000000,870.63000000,2018-03-01
1519948800.0,870.63000000,876.22000000,850.00000000,856.28000000,2018-03-02
1520035200.0,856.27000000,870.78000000,852.30000000,856.02000000,2018-03-03
1520121600.0,856.51000000,868.00000000,836.24000000,866.66000000,2018-03-04
1520208000.0,866.61000000,871.75000000,847.20000000,849.84000000,2018-03-05
1520294400.0,849.81000000,853.18000000,803.01000000,813.11000000,2018-03-06
1520380800.0,813.31000000,826.20000000,718.40000000,749.90000000,2018-03-07
1520467200.0,749.02000000,772.07000000,684.00000000,695.46000000,2018-03-08
1520553600.0,695.48000000,727.92000000,640.00000000,723.71000000,2018-03-09
1520640000.0,723.65000000,745.00000000,673.06000000,680.58000000,2018-03-10
1520726400.0,680.58000000,735.00000000,659.15000000,720.85000000,2018-03-11
1520812800.0,721.00000000,740.50000000,676.31000000,697.11000000,2018-03-12
1520899200.0,696.52000000,713.76000000,680.00000000,689.94000000,2018-03-13
1520985600.0,690.16000000,703.54000000,585.00000000,610.10000000,2018-03-14
1521072000.0,610.10000000,621.12000000,570.00000000,608.83000000,2018-03-15
1521158400.0,608.83000000,625.30000000,584.15000000,599.05000000,2018-03-16
1521244800.0,599.03000000,609.26000000,544.00000000,546.95000000,2018-03-17
1521331200.0,547.98000000,560.00000000,450.00000000,537.00000000,2018-03-18
1521417600.0,537.39000000,560.00000000,515.80000000,556.88000000,2018-03-19
1521504000.0,556.88000000,567.87000000,515.00000000,557.00000000,2018-03-20
1521590400.0,557.00000000,590.52000000,545.11000000,559.17000000,2018-03-21
1521676800.0,559.15000000,578.60000000,516.00000000,539.92000000,2018-03-22
1521763200.0,539.78000000,544.72000000,506.71000000,543.03000000,2018-03-23
1521849600.0,543.20000000,545.99000000,518.63000000,520.22000000,2018-03-24
1521936000.0,521.17000000,536.00000000,512.00000000,523.74000000,2018-03-25
1522022400.0,523.95000000,527.67000000,465.56000000,485.00000000,2018-03-26
1522108800.0,485.00000000,491.55000000,446.00000000,448.50000000,2018-03-27
1522195200.0,448.50000000,466.00000000,440.14000000,446.67000000,2018-03-28
1522281600.0,446.07000000,449.43000000,380.00000000,384.00000000,2018-03-29
1522368000.0,383.87000000,412.04000000,366.00000000,392.43000000,2018-03-30
1522454400.0,392.40000000,419.40000000,388.52000000,393.92000000,2018-03-31
1522540800.0,393.93000000,399.91000000,356.90000000,378.58000000,2018-04-01
1522627200.0,378.58000000,394.87000000,375.00000000,385.05000000,2018-04-02
1522713600.0,385.00000000,419.08000000,380.13000000,415.01000000,2018-04-03
1522800000.0,415.00000000,416.50000000,370.00000000,378.16000000,2018-04-04
1522886400.0,378.15000000,387.03000000,365.61000000,381.22000000,2018-04-05
1522972800.0,381.56000000,385.91000000,362.54000000,368.89000000,2018-04-06
1523059200.0,368.89000000,394.75000000,368.28000000,384.51000000,2018-04-07
1523145600.0,384.51000000,404.05000000,384.00000000,400.40000000,2018-04-08
1523232000.0,400.40000000,431.99000000,387.10000000,399.44000000,2018-04-09
1523318400.0,399.25000000,418.68000000,391.40000000,416.07000000,2018-04-10
1523404800.0,415.53000000,433.54000000,410.38000000,429.52000000,2018-04-11
1523491200.0,429.90000000,499.00000000,412.88000000,495.67000000,2018-04-12
1523577600.0,494.30000000,530.00000000,480.22000000,495.11000000,2018-04-13
1523664000.0,494.69000000,515.00000000,485.58000000,502.68000000,2018-04-14
1523750400.0,502.68000000,535.00000000,502.51000000,533.88000000,2018-04-15
1523836800.0,533.88000000,538.00000000,497.31000000,511.46000000,2018-04-16
1523923200.0,512.09000000,521.20000000,500.02000000,502.56000000,2018-04-17
1524009600.0,502.56000000,526.99000000,501.12000000,526.09000000,2018-04-18
1524096000.0,526.49000000,571.61000000,521.03000000,568.14000000,2018-04-19
1524182400.0,568.14000000,622.17000000,556.50000000,617.09000000,2018-04-20
1524268800.0,616.80000000,624.50000000,570.23000000,604.87000000,2018-04-21
1524355200.0,604.87000000,643.49000000,589.00000000,620.92000000,2018-04-22
1524441600.0,620.67000000,649.11000000,618.02000000,645.09000000,2018-04-23
1524528000.0,644.58000000,712.99000000,643.76000000,701.58000000,2018-04-24
1524614400.0,701.16000000,703.30000000,593.83000000,618.00000000,2018-04-25
1524700800.0,617.73000000,666.19000000,600.00000000,661.51000000,2018-04-26
1524787200.0,661.51000000,686.82000000,635.73000000,643.46000000,2018-04-27
1524873600.0,643.41000000,694.90000000,638.76000000,682.86000000,2018-04-28
1524960000.0,683.50000000,700.49000000,665.28000000,690.85000000,2018-04-29
1525046400.0,690.85000000,695.30000000,662.20000000,670.78000000,2018-04-30
1525132800.0,670.78000000,675.60000000,627.58000000,672.00000000,2018-05-01
1525219200.0,671.99000000,691.99000000,663.00000000,688.56000000,2018-05-02
1525305600.0,688.55000000,792.08000000,685.39000000,779.00000000,2018-05-03
1525392000.0,779.00000000,810.00000000,756.91000000,785.99000000,2018-05-04
1525478400.0,785.80000000,832.66000000,781.56000000,819.50000000,2018-05-05
1525564800.0,819.50000000,839.99000000,752.49000000,794.30000000,2018-05-06
1525651200.0,794.30000000,799.14000000,701.00000000,752.49000000,2018-05-07
1525737600.0,753.00000000,777.00000000,720.02000000,748.99000000,2018-05-08
1525824000.0,748.99000000,760.74000000,710.26000000,751.75000000,2018-05-09
1525910400.0,752.40000000,769.88000000,720.00000000,722.52000000,2018-05-10
1525996800.0,722.52000000,737.23000000,663.00000000,676.96000000,2018-05-11
1526083200.0,676.96000000,690.20000000,633.20000000,684.11000000,2018-05-12
1526169600.0,684.56000000,742.00000000,666.31000000,729.08000000,2018-05-13
1526256000.0,729.08000000,743.90000000,686.00000000,727.49000000,2018-05-14
1526342400.0,727.49000000,740.00000000,695.00000000,704.91000000,2018-05-15
1526428800.0,704.91000000,712.84000000,673.52000000,706.29000000,2018-05-16
1526515200.0,706.80000000,719.25000000,662.00000000,667.62000000,2018-05-17
1526601600.0,667.62000000,694.90000000,656.00000000,692.60000000,2018-05-18
1526688000.0,693.26000000,717.80000000,682.31000000,697.00000000,2018-05-19
1526774400.0,697.00000000,729.88000000,688.40000000,716.16000000,2018-05-20
1526860800.0,716.16000000,720.46000000,688.00000000,696.70000000,2018-05-21
1526947200.0,697.10000000,699.60000000,637.32000000,640.99000000,2018-05-22
1527033600.0,640.86000000,669.00000000,560.00000000,577.19000000,2018-05-23
1527120000.0,577.19000000,612.10000000,550.00000000,602.18000000,2018-05-24
1527206400.0,602.08000000,617.46000000,568.70000000,585.55000000,2018-05-25
1527292800.0,585.56000000,607.62000000,578.32000000,586.00000000,2018-05-26
1527379200.0,586.03000000,592.00000000,557.43000000,570.40000000,2018-05-27
1527465600.0,570.81000000,576.20000000,506.11000000,511.50000000,2018-05-28
1527552000.0,511.50000000,573.43000000,510.00000000,567.36000000,2018-05-29
1527638400.0,567.09000000,585.83000000,541.20000000,557.19000000,2018-05-30
1527724800.0,557.87000000,586.73000000,552.98000000,577.81000000,2018-05-31
1527811200.0,577.81000000,590.26000000,564.93000000,579.00000000,2018-06-01
1527897600.0,579.00000000,599.17000000,572.90000000,590.85000000,2018-06-02
1527984000.0,590.85000000,628.81000000,590.10000000,619.66000000,2018-06-03
1528070400.0,619.66000000,625.47000000,580.15000000,591.02000000,2018-06-04
1528156800.0,591.02000000,614.00000000,570.36000000,609.05000000,2018-06-05
1528243200.0,609.29000000,613.35000000,593.40000000,607.40000000,2018-06-06
1528329600.0,606.68000000,618.00000000,598.24000000,605.16000000,2018-06-07
1528416000.0,605.20000000,608.45000000,593.33000000,598.68000000,2018-06-08
1528502400.0,599.29000000,608.97000000,591.00000000,592.87000000,2018-06-09
1528588800.0,592.44000000,592.87000000,501.13000000,524.11000000,2018-06-10
1528675200.0,524.64000000,535.51000000,508.66000000,531.69000000,2018-06-11
1528761600.0,531.08000000,538.88000000,482.00000000,493.00000000,2018-06-12
1528848000.0,493.00000000,501.97000000,449.06000000,475.47000000,2018-06-13
1528934400.0,475.47000000,529.00000000,460.00000000,519.29000000,2018-06-14
1529020800.0,519.30000000,521.00000000,481.62000000,487.48000000,2018-06-15
1529107200.0,487.47000000,503.28000000,483.72000000,496.74000000,2018-06-16
1529193600.0,496.45000000,507.60000000,492.70000000,497.14000000,2018-06-17
1529280000.0,497.15000000,524.48000000,487.27000000,517.95000000,2018-06-18
1529366400.0,517.77000000,548.20000000,510.01000000,537.97000000,2018-06-19
1529452800.0,537.68000000,542.02000000,515.08000000,536.49000000,2018-06-20
1529539200.0,536.34000000,544.98000000,521.11000000,526.18000000,2018-06-21
1529625600.0,526.32000000,526.44000000,450.00000000,462.09000000,2018-06-22
1529712000.0,462.40000000,481.00000000,455.00000000,473.41000000,2018-06-23
1529798400.0,473.40000000,475.81000000,419.53000000,454.41000000,2018-06-24
1529884800.0,454.29000000,474.47000000,444.37000000,458.70000000,2018-06-25
1529971200.0,459.04000000,460.81000000,429.00000000,429.34000000,2018-06-26
1530057600.0,429.81000000,445.95000000,420.19000000,441.64000000,2018-06-27
1530144000.0,441.36000000,443.96000000,416.45000000,420.22000000,2018-06-28
1530230400.0,420.48000000,442.00000000,404.48000000,434.77000000,2018-06-29
1530316800.0,434.77000000,463.15000000,434.51000000,454.09000000,2018-06-30
1530403200.0,454.20000000,457.77000000,443.73000000,452.10000000,2018-07-01
1530489600.0,452.14000000,481.83000000,444.16000000,476.25000000,2018-07-02
1530576000.0,476.32000000,486.98000000,457.00000000,461.82000000,2018-07-03
1530662400.0,461.78000000,482.70000000,458.02000000,467.38000000,2018-07-04
1530748800.0,467.19000000,480.00000000,458.80000000,467.87000000,2018-07-05
1530835200.0,467.79000000,476.00000000,451.29000000,470.47000000,2018-07-06
1530921600.0,470.48000000,487.99000000,461.50000000,485.57000000,2018-07-07
1531008000.0,485.57000000,495.98000000,482.05000000,486.77000000,2018-07-08
1531094400.0,486.55000000,488.98000000,468.20000000,471.71000000,2018-07-09
1531180800.0,471.73000000,473.23000000,427.69000000,432.48000000,2018-07-10
1531267200.0,432.55000000,452.69000000,424.20000000,444.99000000,2018-07-11
1531353600.0,444.99000000,445.36000000,416.94000000,431.14000000,2018-07-12
1531440000.0,431.14000000,442.47000000,424.62000000,432.46000000,2018-07-13
1531526400.0,432.43000000,440.00000000,428.26000000,433.19000000,2018-07-14
1531612800.0,433.20000000,455.00000000,430.52000000,449.78000000,2018-07-15
1531699200.0,449.79000000,480.57000000,444.03000000,478.49000000,2018-07-16
1531785600.0,478.49000000,512.00000000,465.29000000,498.76000000,2018-07-17
1531872000.0,498.89000000,515.47000000,468.01000000,479.41000000,2018-07-18
1531958400.0,479.40000000,484.15000000,462.57000000,468.57000000,2018-07-19
1532044800.0,468.70000000,471.02000000,440.00000000,449.04000000,2018-07-20
1532131200.0,449.04000000,468.97000000,441.18000000,460.23000000,2018-07-21
1532217600.0,460.23000000,472.20000000,454.19000000,457.47000000,2018-07-22
1532304000.0,457.47000000,469.82000000,447.11000000,450.05000000,2018-07-23
1532390400.0,450.05000000,484.27000000,448.47000000,479.28000000,2018-07-24
1532476800.0,479.24000000,485.77000000,464.00000000,472.10000000,2018-07-25
1532563200.0,472.11000000,485.00000000,460.00000000,462.64000000,2018-07-26
1532649600.0,462.17000000,474.00000000,455.84000000,470.09000000,2018-07-27
1532736000.0,470.09000000,472.00000000,460.82000000,469.29000000,2018-07-28
1532822400.0,468.44000000,472.00000000,461.60000000,466.40000000,2018-07-29
1532908800.0,466.40000000,469.79000000,446.10000000,456.23000000,2018-07-30
1532995200.0,456.19000000,457.30000000,427.00000000,432.22000000,2018-07-31
1533081600.0,432.20000000,434.99000000,406.55000000,420.41000000,2018-08-01
1533168000.0,420.37000000,425.52000000,407.43000000,410.62000000,2018-08-02
1533254400.0,410.62000000,420.01000000,396.61000000,417.52000000,2018-08-03
1533340800.0,417.58000000,419.53000000,401.86000000,407.21000000,2018-08-04
1533427200.0,407.21000000,413.24000000,400.16000000,408.79000000,2018-08-05
1533513600.0,408.77000000,413.28000000,397.08000000,405.28000000,2018-08-06
1533600000.0,405.19000000,412.76000000,369.19000000,378.21000000,2018-08-07
1533686400.0,378.20000000,380.42000000,347.25000000,355.48000000,2018-08-08
1533772800.0,355.48000000,369.90000000,350.51000000,363.30000000,2018-08-09
1533859200.0,363.21000000,365.87000000,325.95000000,331.81000000,2018-08-10
1533945600.0,331.88000000,332.98000000,304.45000000,317.69000000,2018-08-11
1534032000.0,317.49000000,327.13000000,313.42000000,317.89000000,2018-08-12
1534118400.0,317.96000000,321.99000000,280.68000000,283.81000000,2018-08-13
1534204800.0,283.81000000,283.81000000,250.00000000,278.41000000,2018-08-14
1534291200.0,278.47000000,304.45000000,276.30000000,281.12000000,2018-08-15
1534377600.0,281.46000000,298.60000000,277.55000000,287.17000000,2018-08-16
1534464000.0,286.84000000,318.00000000,285.00000000,317.51000000,2018-08-17
1534550400.0,317.51000000,321.33000000,281.79000000,294.11000000,2018-08-18
1534636800.0,294.10000000,307.40000000,288.20000000,299.42000000,2018-08-19
1534723200.0,299.30000000,304.04000000,269.50000000,270.51000000,2018-08-20
1534809600.0,270.51000000,285.90000000,269.70000000,281.21000000,2018-08-21
1534896000.0,281.09000000,298.89000000,259.50000000,270.80000000,2018-08-22
1534982400.0,270.68000000,280.30000000,267.55000000,275.99000000,2018-08-23
1535068800.0,276.06000000,283.10000000,270.22000000,281.19000000,2018-08-24
1535155200.0,281.05000000,282.71000000,275.99000000,277.55000000,2018-08-25
1535241600.0,277.54000000,277.91000000,268.69000000,274.29000000,2018-08-26
1535328000.0,274.17000000,288.15000000,271.59000000,287.71000000,2018-08-27
1535414400.0,287.71000000,298.00000000,282.66000000,295.44000000,2018-08-28
1535500800.0,295.44000000,297.00000000,283.55000000,288.40000000,2018-08-29
1535587200.0,288.35000000,291.00000000,271.88000000,283.89000000,2018-08-30
1535673600.0,283.90000000,289.00000000,276.59000000,281.41000000,2018-08-31
1535760000.0,281.46000000,302.00000000,281.34000000,295.71000000,2018-09-01
1535846400.0,295.80000000,299.33000000,288.87000000,295.41000000,2018-09-02
1535932800.0,295.51000000,296.62000000,285.99000000,289.09000000,2018-09-03
1536019200.0,289.09000000,292.64000000,283.00000000,285.30000000,2018-09-04
1536105600.0,285.18000000,287.62000000,227.00000000,228.53000000,2018-09-05
1536192000.0,228.28000000,233.19000000,212.00000000,229.70000000,2018-09-06
1536278400.0,229.73000000,234.69000000,213.50000000,215.22000000,2018-09-07
1536364800.0,215.19000000,220.20000000,190.01000000,196.71000000,2018-09-08
1536451200.0,196.87000000,208.60000000,185.02000000,195.81000000,2018-09-09
1536537600.0,196.13000000,203.42000000,187.10000000,197.15000000,2018-09-10
1536624000.0,197.22000000,200.20000000,176.16000000,185.18000000,2018-09-11
1536710400.0,185.14000000,185.22000000,167.32000000,183.12000000,2018-09-12
1536796800.0,183.17000000,215.00000000,183.15000000,210.68000000,2018-09-13
1536883200.0,210.91000000,224.20000000,202.60000000,208.82000000,2018-09-14
1536969600.0,208.55000000,227.42000000,207.64000000,221.29000000,2018-09-15
1537056000.0,221.62000000,223.50000000,208.10000000,220.17000000,2018-09-16
1537142400.0,220.24000000,225.00000000,192.40000000,196.16000000,2018-09-17
1537228800.0,196.25000000,215.47000000,193.47000000,208.17000000,2018-09-18
1537315200.0,208.42000000,214.84000000,197.58000000,209.79000000,2018-09-19
1537401600.0,209.79000000,226.68000000,205.56000000,224.00000000,2018-09-20
1537488000.0,224.00000000,252.11000000,220.66000000,247.73000000,2018-09-21
1537574400.0,247.67000000,255.13000000,232.70000000,241.01000000,2018-09-22
1537660800.0,241.01000000,249.73000000,237.00000000,244.50000000,2018-09-23
1537747200.0,244.54000000,246.20000000,225.30000000,228.06000000,2018-09-24
1537833600.0,228.06000000,228.10000000,203.61000000,219.62000000,2018-09-25
1537920000.0,219.50000000,223.60000000,207.50000000,214.42000000,2018-09-26
1538006400.0,214.38000000,234.00000000,205.01000000,229.13000000,2018-09-27
1538092800.0,229.10000000,234.42000000,215.53000000,221.84000000,2018-09-28
1538179200.0,221.89000000,237.77000000,214.18000000,231.62000000,2018-09-29
1538265600.0,231.62000000,239.00000000,226.50000000,232.94000000,2018-09-30
1538352000.0,233.04000000,235.88000000,224.46000000,231.61000000,2018-10-01
1538438400.0,231.62000000,232.51000000,223.37000000,225.69000000,2018-10-02
1538524800.0,225.70000000,226.43000000,216.51000000,220.77000000,2018-10-03
1538611200.0,220.67000000,227.16000000,219.49000000,222.66000000,2018-10-04
1538697600.0,222.66000000,231.75000000,219.35000000,228.37000000,2018-10-05
1538784000.0,228.36000000,228.86000000,223.15000000,225.40000000,2018-10-06
1538870400.0,225.39000000,227.75000000,221.48000000,226.14000000,2018-10-07
1538956800.0,226.26000000,232.70000000,224.21000000,230.01000000,2018-10-08
1539043200.0,230.01000000,231.02000000,226.56000000,228.40000000,2018-10-09
1539129600.0,228.40000000,228.78000000,224.05000000,226.74000000,2018-10-10
1539216000.0,226.70000000,226.91000000,189.01000000,191.58000000,2018-10-11
1539302400.0,191.55000000,201.87000000,190.04000000,196.96000000,2018-10-12
1539388800.0,196.96000000,202.78000000,196.27000000,201.30000000,2018-10-13
1539475200.0,201.39000000,203.56000000,194.33000000,197.01000000,2018-10-14
1539561600.0,196.84000000,239.00000000,194.60000000,214.39000000,2018-10-15
1539648000.0,214.39000000,219.95000000,211.55000000,215.09000000,2018-10-16
1539734400.0,215.20000000,216.99000000,210.00000000,212.85000000,2018-10-17
1539820800.0,212.90000000,215.30000000,203.53000000,206.24000000,2018-10-18
1539907200.0,206.25000000,208.00000000,204.21000000,205.00000000,2018-10-19
1539993600.0,205.10000000,209.69000000,203.57000000,207.91000000,2018-10-20
1540080000.0,207.91000000,211.99000000,206.74000000,207.49000000,2018-10-21
1540166400.0,207.46000000,209.30000000,205.00000000,206.67000000,2018-10-22
1540252800.0,206.67000000,207.80000000,202.14000000,205.85000000,2018-10-23
1540339200.0,205.85000000,207.95000000,204.73000000,205.35000000,2018-10-24
1540425600.0,205.35000000,205.94000000,202.88000000,203.93000000,2018-10-25
1540512000.0,203.84000000,209.00000000,203.00000000,204.92000000,2018-10-26
1540598400.0,204.92000000,206.15000000,203.09000000,204.45000000,2018-10-27
1540684800.0,204.45000000,205.94000000,203.62000000,204.99000000,2018-10-28
1540771200.0,204.99000000,205.49000000,195.28000000,196.96000000,2018-10-29
1540857600.0,196.95000000,198.60000000,195.91000000,197.27000000,2018-10-30
1540944000.0,197.24000000,201.45000000,193.01000000,198.73000000,2018-10-31
1541030400.0,198.70000000,200.95000000,197.88000000,199.96000000,2018-11-01
1541116800.0,199.93000000,203.74000000,199.34000000,202.35000000,2018-11-02
1541203200.0,202.31000000,202.69000000,198.59000000,200.31000000,2018-11-03
1541289600.0,200.27000000,218.76000000,199.00000000,212.11000000,2018-11-04
1541376000.0,212.13000000,213.39000000,207.62000000,210.66000000,2018-11-05
1541462400.0,210.64000000,221.25000000,209.11000000,220.74000000,2018-11-06
1541548800.0,220.77000000,224.80000000,217.01000000,219.07000000,2018-11-07
1541635200.0,219.06000000,220.78000000,212.49000000,212.79000000,2018-11-08
1541721600.0,212.79000000,215.51000000,209.10000000,210.77000000,2018-11-09
1541808000.0,210.78000000,215.55000000,209.02000000,213.25000000,2018-11-10
1541894400.0,213.27000000,213.99000000,209.00000000,212.54000000,2018-11-11
1541980800.0,212.60000000,214.22000000,210.90000000,212.89000000,2018-11-12
1542067200.0,212.91000000,213.80000000,209.20000000,209.84000000,2018-11-13
1542153600.0,209.84000000,210.30000000,176.16000000,187.43000000,2018-11-14
1542240000.0,187.43000000,190.00000000,170.99000000,184.35000000,2018-11-15
1542326400.0,184.35000000,185.00000000,173.00000000,176.89000000,2018-11-16
1542412800.0,176.93000000,177.91000000,173.94000000,176.20000000,2018-11-17
1542499200.0,176.20000000,182.94000000,176.10000000,178.97000000,2018-11-18
1542585600.0,179.04000000,179.33000000,146.47000000,150.81000000,2018-11-19
1542672000.0,150.76000000,154.70000000,126.95000000,133.82000000,2018-11-20
1542758400.0,133.68000000,142.01000000,127.15000000,138.23000000,2018-11-21
1542844800.0,138.36000000,140.40000000,125.64000000,126.63000000,2018-11-22
1542931200.0,126.58000000,128.90000000,118.56000000,125.02000000,2018-11-23
1543017600.0,125.00000000,130.81000000,112.32000000,114.89000000,2018-11-24
1543104000.0,114.83000000,122.35000000,102.95000000,118.67000000,2018-11-25
1543190400.0,118.65000000,121.50000000,106.41000000,110.68000000,2018-11-26
1543276800.0,110.66000000,114.31000000,102.36000000,111.43000000,2018-11-27
1543363200.0,111.38000000,126.80000000,111.37000000,122.90000000,2018-11-28
1543449600.0,122.88000000,124.00000000,114.78000000,117.98000000,2018-11-29
1543536000.0,117.99000000,120.26000000,111.09000000,113.73000000,2018-11-30
1543622400.0,113.71000000,120.80000000,111.35000000,118.10000000,2018-12-01
1543708800.0,118.09000000,120.73000000,116.00000000,116.57000000,2018-12-02
1543795200.0,116.63000000,116.96000000,106.70000000,108.76000000,2018-12-03
1543881600.0,108.76000000,113.20000000,106.00000000,109.94000000,2018-12-04
1543968000.0,109.92000000,110.58000000,102.38000000,102.71000000,2018-12-05
1544054400.0,102.73000000,104.68000000,90.20000000,91.00000000,2018-12-06
1544140800.0,91.18000000,96.90000000,82.07000000,93.05000000,2018-12-07
1544227200.0,93.06000000,98.00000000,84.55000000,90.38000000,2018-12-08
1544313600.0,90.39000000,98.70000000,88.63000000,93.26000000,2018-12-09
1544400000.0,93.26000000,95.21000000,88.11000000,89.91000000,2018-12-10
1544486400.0,89.88000000,91.65000000,85.83000000,87.76000000,2018-12-11
1544572800.0,87.77000000,91.31000000,86.63000000,89.41000000,2018-12-12
1544659200.0,89.39000000,90.71000000,84.71000000,86.34000000,2018-12-13
1544745600.0,86.35000000,87.25000000,82.20000000,83.82000000,2018-12-14
1544832000.0,83.82000000,85.00000000,81.79000000,83.76000000,2018-12-15
1544918400.0,83.75000000,87.64000000,83.73000000,84.67000000,2018-12-16
1545004800.0,84.68000000,97.00000000,84.40000000,94.02000000,2018-12-17
1545091200.0,94.03000000,101.30000000,91.34000000,100.39000000,2018-12-18
1545177600.0,100.39000000,107.55000000,97.75000000,98.74000000,2018-12-19
1545264000.0,98.73000000,116.00000000,97.88000000,114.05000000,2018-12-20
1545350400.0,113.71000000,118.00000000,104.76000000,107.69000000,2018-12-21
1545436800.0,107.67000000,115.50000000,105.38000000,115.20000000,2018-12-22
1545523200.0,115.18000000,131.94000000,114.91000000,129.03000000,2018-12-23
1545609600.0,129.03000000,157.67000000,128.80000000,138.03000000,2018-12-24
1545696000.0,138.01000000,139.26000000,119.68000000,127.60000000,2018-12-25
1545782400.0,127.61000000,135.32000000,122.51000000,129.35000000,2018-12-26
1545868800.0,129.35000000,131.09000000,111.22000000,113.80000000,2018-12-27
1545955200.0,113.75000000,136.66000000,111.87000000,135.30000000,2018-12-28
1546041600.0,135.30000000,145.42000000,128.50000000,132.89000000,2018-12-29
1546128000.0,133.00000000,139.00000000,127.03000000,137.77000000,2018-12-30
1546214400.0,137.81000000,138.66000000,128.70000000,131.45000000,2018-12-31
1546300800.0,131.45000000,140.67000000,130.00000000,139.10000000,2019-01-01
1546387200.0,139.10000000,155.37000000,137.76000000,152.01000000,2019-01-02
1546473600.0,152.01000000,153.64000000,143.11000000,146.30000000,2019-01-03
1546560000.0,146.30000000,154.80000000,143.54000000,151.97000000,2019-01-04
1546646400.0,152.08000000,159.26000000,151.20000000,152.83000000,2019-01-05
1546732800.0,152.83000000,157.40000000,147.51000000,153.86000000,2019-01-06
1546819200.0,153.89000000,155.48000000,147.86000000,149.34000000,2019-01-07
1546905600.0,149.29000000,151.65000000,145.20000000,147.60000000,2019-01-08
1546992000.0,147.62000000,151.50000000,146.77000000,148.10000000,2019-01-09
1547078400.0,148.11000000,149.45000000,121.00000000,124.95000000,2019-01-10
1547164800.0,124.96000000,127.36000000,120.08000000,124.65000000,2019-01-11
1547251200.0,124.67000000,126.19000000,122.00000000,123.35000000,2019-01-12
1547337600.0,123.35000000,124.25000000,111.87000000,114.16000000,2019-01-13
1547424000.0,114.17000000,130.05000000,113.94000000,126.95000000,2019-01-14
1547510400.0,126.95000000,129.40000000,116.00000000,118.95000000,2019-01-15
1547596800.0,118.93000000,126.88000000,118.52000000,121.48000000,2019-01-16
1547683200.0,121.49000000,122.99000000,116.80000000,121.54000000,2019-01-17
1547769600.0,121.56000000,121.98000000,117.66000000,119.17000000,2019-01-18
1547856000.0,119.16000000,125.29000000,119.14000000,122.60000000,2019-01-19
1547942400.0,122.61000000,123.32000000,115.68000000,117.47000000,2019-01-20
1548028800.0,117.56000000,118.50000000,113.61000000,115.63000000,2019-01-21
1548115200.0,115.62000000,119.49000000,111.39000000,117.81000000,2019-01-22
1548201600.0,117.80000000,118.95000000,114.80000000,116.44000000,2019-01-23
1548288000.0,116.40000000,117.15000000,113.61000000,116.39000000,2019-01-24
1548374400.0,116.40000000,117.50000000,114.30000000,115.11000000,2019-01-25
1548460800.0,115.13000000,118.00000000,115.00000000,115.34000000,2019-01-26
1548547200.0,115.32000000,116.15000000,111.04000000,112.05000000,2019-01-27
1548633600.0,112.04000000,112.87000000,100.91000000,105.50000000,2019-01-28
1548720000.0,105.49000000,106.61000000,102.22000000,104.45000000,2019-01-29
1548806400.0,104.41000000,109.80000000,103.45000000,108.29000000,2019-01-30
1548892800.0,108.29000000,110.61000000,105.46000000,106.44000000,2019-01-31
1548979200.0,106.47000000,108.35000000,103.77000000,106.73000000,2019-02-01
1549065600.0,106.71000000,111.15000000,106.07000000,110.42000000,2019-02-02
1549152000.0,110.41000000,111.11000000,105.82000000,107.36000000,2019-02-03
1549238400.0,107.33000000,109.30000000,106.57000000,107.68000000,2019-02-04
1549324800.0,107.65000000,108.18000000,106.47000000,107.27000000,2019-02-05
1549411200.0,107.28000000,107.83000000,101.21000000,104.50000000,2019-02-06
1549497600.0,104.49000000,106.18000000,103.82000000,104.48000000,2019-02-07
1549584000.0,104.48000000,123.00000000,103.41000000,119.25000000,2019-02-08
1549670400.0,119.32000000,121.99000000,117.64000000,119.19000000,2019-02-09
1549756800.0,119.19000000,126.49000000,115.81000000,125.12000000,2019-02-10
1549843200.0,125.12000000,125.28000000,119.24000000,120.89000000,2019-02-11
1549929600.0,120.88000000,123.89000000,118.18000000,122.41000000,2019-02-12
1550016000.0,122.40000000,126.47000000,120.70000000,121.86000000,2019-02-13
1550102400.0,121.86000000,124.50000000,120.10000000,120.42000000,2019-02-14
1550188800.0,120.47000000,124.25000000,120.19000000,121.67000000,2019-02-15
1550275200.0,121.66000000,124.99000000,121.54000000,122.67000000,2019-02-16
1550361600.0,122.67000000,135.61000000,122.43000000,133.75000000,2019-02-17
1550448000.0,133.77000000,148.30000000,132.42000000,145.69000000,2019-02-18
1550534400.0,145.69000000,150.00000000,142.36000000,143.44000000,2019-02-19
1550620800.0,143.45000000,149.52000000,139.60000000,148.44000000,2019-02-20
1550707200.0,148.42000000,149.61000000,142.70000000,145.69000000,2019-02-21
1550793600.0,145.68000000,148.85000000,143.85000000,147.36000000,2019-02-22
1550880000.0,147.40000000,159.60000000,145.78000000,157.79000000,2019-02-23
1550966400.0,157.75000000,166.00000000,131.70000000,132.10000000,2019-02-24
1551052800.0,132.10000000,141.55000000,131.89000000,137.87000000,2019-02-25
1551139200.0,137.88000000,138.41000000,133.72000000,136.22000000,2019-02-26
1551225600.0,136.22000000,140.29000000,126.84000000,135.02000000,2019-02-27
1551312000.0,135.03000000,139.00000000,132.10000000,135.34000000,2019-02-28
1551398400.0,135.32000000,137.95000000,134.90000000,135.32000000,2019-03-01
1551484800.0,135.32000000,136.12000000,130.03000000,132.56000000,2019-03-02
1551571200.0,132.54000000,134.60000000,128.01000000,130.60000000,2019-03-03
1551657600.0,130.60000000,131.11000000,122.60000000,125.65000000,2019-03-04
1551744000.0,125.68000000,137.84000000,125.19000000,136.72000000,2019-03-05
1551830400.0,136.71000000,140.29000000,133.33000000,137.40000000,2019-03-06
1551916800.0,137.37000000,140.20000000,135.20000000,136.81000000,2019-03-07
1552003200.0,136.82000000,139.34000000,130.62000000,133.52000000,2019-03-08
1552089600.0,133.51000000,138.65000000,132.93000000,137.27000000,2019-03-09
1552176000.0,137.27000000,137.50000000,134.00000000,135.37000000,2019-03-10
1552262400.0,135.37000000,136.15000000,131.00000000,132.67000000,2019-03-11
1552348800.0,132.67000000,135.30000000,130.77000000,133.57000000,2019-03-12
1552435200.0,133.62000000,133.65000000,130.58000000,131.65000000,2019-03-13
1552521600.0,131.69000000,135.11000000,128.52000000,132.20000000,2019-03-14
1552608000.0,132.24000000,137.62000000,132.18000000,136.56000000,2019-03-15
1552694400.0,136.60000000,144.47000000,136.51000000,140.92000000,2019-03-16
1552780800.0,140.94000000,141.07000000,137.20000000,138.67000000,2019-03-17
1552867200.0,138.67000000,142.01000000,136.10000000,137.59000000,2019-03-18
1552953600.0,137.62000000,139.38000000,136.97000000,138.55000000,2019-03-19
1553040000.0,138.56000000,139.66000000,136.01000000,139.01000000,2019-03-20
1553126400.0,139.04000000,139.55000000,131.21000000,134.85000000,2019-03-21
1553212800.0,134.85000000,137.20000000,134.29000000,135.98000000,2019-03-22
1553299200.0,135.92000000,138.21000000,135.60000000,137.28000000,2019-03-23
1553385600.0,137.28000000,137.37000000,134.75000000,136.09000000,2019-03-24
1553472000.0,136.12000000,136.83000000,131.60000000,133.98000000,2019-03-25
1553558400.0,133.97000000,134.74000000,132.27000000,134.18000000,2019-03-26
1553644800.0,134.14000000,140.14000000,133.84000000,139.45000000,2019-03-27
1553731200.0,139.46000000,139.57000000,137.30000000,137.86000000,2019-03-28
1553817600.0,137.85000000,143.60000000,137.62000000,143.25000000,2019-03-29
1553904000.0,143.25000000,145.89000000,140.06000000,142.46000000,2019-03-30
1553990400.0,142.44000000,142.50000000,140.42000000,141.38000000,2019-03-31
1554076800.0,141.41000000,143.08000000,139.57000000,141.24000000,2019-04-01
1554163200.0,141.24000000,165.60000000,141.00000000,163.31000000,2019-04-02
1554249600.0,163.26000000,177.81000000,149.23000000,159.96000000,2019-04-03
1554336000.0,159.96000000,164.00000000,152.80000000,157.36000000,2019-04-04
1554422400.0,157.33000000,167.83000000,155.94000000,164.77000000,2019-04-05
1554508800.0,164.84000000,172.77000000,159.20000000,165.50000000,2019-04-06
1554595200.0,165.56000000,175.43000000,164.06000000,174.21000000,2019-04-07
1554681600.0,174.29000000,185.87000000,170.90000000,178.72000000,2019-04-08
1554768000.0,178.71000000,179.17000000,171.05000000,174.60000000,2019-04-09
1554854400.0,174.58000000,183.77000000,168.00000000,177.12000000,2019-04-10
1554940800.0,177.12000000,177.48000000,158.27000000,164.07000000,2019-04-11
1555027200.0,164.06000000,166.50000000,158.11000000,163.19000000,2019-04-12
1555113600.0,163.20000000,165.37000000,160.74000000,162.99000000,2019-04-13
1555200000.0,162.99000000,168.11000000,161.20000000,167.23000000,2019-04-14
1555286400.0,167.21000000,168.81000000,155.70000000,159.95000000,2019-04-15
1555372800.0,159.91000000,166.73000000,159.41000000,165.37000000,2019-04-16
1555459200.0,165.41000000,167.28000000,163.78000000,165.75000000,2019-04-17
1555545600.0,165.75000000,175.20000000,165.04000000,173.33000000,2019-04-18
1555632000.0,173.34000000,173.55000000,168.59000000,172.64000000,2019-04-19
1555718400.0,172.66000000,176.97000000,169.87000000,172.88000000,2019-04-20
1555804800.0,172.89000000,173.48000000,164.82000000,168.59000000,2019-04-21
1555891200.0,168.59000000,172.30000000,167.00000000,170.52000000,2019-04-22
1555977600.0,170.52000000,175.83000000,167.78000000,169.16000000,2019-04-23
1556064000.0,169.15000000,169.87000000,159.26000000,164.78000000,2019-04-24
1556150400.0,164.78000000,165.49000000,150.35000000,154.72000000,2019-04-25
1556236800.0,154.70000000,162.56000000,151.40000000,157.95000000,2019-04-26
1556323200.0,157.93000000,166.24000000,156.35000000,159.31000000,2019-04-27
1556409600.0,159.32000000,160.24000000,156.92000000,157.85000000,2019-04-28
1556496000.0,157.86000000,159.05000000,152.00000000,155.11000000,2019-04-29
1556582400.0,155.14000000,162.89000000,155.11000000,161.83000000,2019-04-30
1556668800.0,161.85000000,163.88000000,158.36000000,160.19000000,2019-05-01
1556755200.0,160.20000000,163.48000000,158.50000000,161.81000000,2019-05-02
1556841600.0,161.82000000,170.86000000,160.99000000,168.06000000,2019-05-03
1556928000.0,168.10000000,171.30000000,159.76000000,163.70000000,2019-05-04
1557014400.0,163.71000000,165.36000000,159.18000000,163.05000000,2019-05-05
1557100800.0,163.05000000,178.05000000,157.55000000,173.00000000,2019-05-06
1557187200.0,172.98000000,182.76000000,167.89000000,169.18000000,2019-05-07
1557273600.0,169.07000000,173.17000000,164.80000000,170.85000000,2019-05-08
1557360000.0,170.88000000,173.88000000,166.57000000,170.90000000,2019-05-09
1557446400.0,170.96000000,176.70000000,168.46000000,172.91000000,2019-05-10
1557532800.0,172.92000000,205.23000000,172.92000000,190.20000000,2019-05-11
1557619200.0,190.20000000,204.32000000,181.00000000,188.11000000,2019-05-12
1557705600.0,188.07000000,206.87000000,185.32000000,195.84000000,2019-05-13
1557792000.0,195.83000000,219.81000000,194.19000000,216.40000000,2019-05-14
1557878400.0,216.40000000,250.27000000,216.21000000,248.10000000,2019-05-15
1557964800.0,248.06000000,279.76000000,241.76000000,264.25000000,2019-05-16
1558051200.0,264.35000000,268.74000000,223.43000000,244.30000000,2019-05-17
1558137600.0,244.31000000,248.00000000,230.62000000,233.60000000,2019-05-18
1558224000.0,233.57000000,264.00000000,231.77000000,259.51000000,2019-05-19
1558310400.0,259.37000000,259.49000000,238.00000000,250.37000000,2019-05-20
1558396800.0,250.48000000,262.00000000,246.06000000,253.43000000,2019-05-21
1558483200.0,253.35000000,260.18000000,239.63000000,243.64000000,2019-05-22
1558569600.0,243.68000000,247.34000000,231.10000000,244.56000000,2019-05-23
1558656000.0,244.63000000,254.35000000,241.54000000,248.87000000,2019-05-24
1558742400.0,248.84000000,257.33000000,247.22000000,250.22000000,2019-05-25
1558828800.0,250.17000000,269.40000000,245.11000000,264.45000000,2019-05-26
1558915200.0,264.35000000,279.59000000,260.00000000,270.53000000,2019-05-27
1559001600.0,270.70000000,275.95000000,264.45000000,271.03000000,2019-05-28
1559088000.0,271.08000000,274.04000000,260.05000000,268.83000000,2019-05-29
1559174400.0,268.92000000,288.62000000,240.14000000,254.56000000,2019-05-30
1559260800.0,254.59000000,268.72000000,245.21000000,267.90000000,2019-05-31
1559347200.0,267.90000000,275.50000000,260.68000000,264.33000000,2019-06-01
1559433600.0,264.33000000,273.20000000,263.20000000,268.88000000,2019-06-02
1559520000.0,268.87000000,270.00000000,248.00000000,249.91000000,2019-06-03
1559606400.0,250.02000000,251.67000000,234.39000000,241.39000000,2019-06-04
1559692800.0,241.46000000,250.41000000,237.37000000,245.63000000,2019-06-05
1559779200.0,245.62000000,250.66000000,235.01000000,248.76000000,2019-06-06
1559865600.0,248.77000000,253.28000000,243.46000000,248.77000000,2019-06-07
1559952000.0,248.78000000,250.53000000,240.37000000,243.25000000,2019-06-08
1560038400.0,243.33000000,244.53000000,226.56000000,230.98000000,2019-06-09
1560124800.0,231.02000000,247.45000000,227.03000000,246.51000000,2019-06-10
1560211200.0,246.61000000,247.80000000,236.49000000,244.29000000,2019-06-11
1560297600.0,244.36000000,261.87000000,242.20000000,261.15000000,2019-06-12
1560384000.0,261.13000000,262.98000000,253.69000000,254.67000000,2019-06-13
1560470400.0,254.67000000,264.26000000,251.75000000,262.47000000,2019-06-14
1560556800.0,262.48000000,272.27000000,260.61000000,267.82000000,2019-06-15
1560643200.0,267.78000000,277.06000000,263.31000000,267.73000000,2019-06-16
1560729600.0,267.73000000,276.00000000,266.81000000,273.16000000,2019-06-17
1560816000.0,273.14000000,273.58000000,261.45000000,264.66000000,2019-06-18
1560902400.0,264.68000000,270.00000000,263.59000000,268.14000000,2019-06-19
1560988800.0,268.16000000,273.63000000,265.71000000,271.22000000,2019-06-20
1561075200.0,271.27000000,295.94000000,271.22000000,294.35000000,2019-06-21
1561161600.0,294.25000000,314.39000000,289.69000000,310.79000000,2019-06-22
1561248000.0,310.70000000,321.70000000,305.58000000,308.52000000,2019-06-23
1561334400.0,308.42000000,314.41000000,298.00000000,311.64000000,2019-06-24
1561420800.0,311.65000000,318.99000000,307.00000000,318.26000000,2019-06-25
1561507200.0,318.29000000,366.80000000,315.57000000,339.39000000,2019-06-26
1561593600.0,339.53000000,347.00000000,280.01000000,298.35000000,2019-06-27
1561680000.0,298.35000000,313.58000000,295.22000000,311.05000000,2019-06-28
1561766400.0,310.95000000,324.74000000,295.18000000,317.62000000,2019-06-29
1561852800.0,317.64000000,323.50000000,290.12000000,292.70000000,2019-06-30
1561939200.0,292.89000000,303.49000000,280.13000000,295.07000000,2019-07-01
1562025600.0,295.03000000,297.57000000,272.65000000,291.48000000,2019-07-02
1562112000.0,291.47000000,302.89000000,285.00000000,301.14000000,2019-07-03
1562198400.0,301.11000000,302.74000000,280.53000000,282.73000000,2019-07-04
1562284800.0,282.86000000,294.89000000,280.78000000,287.47000000,2019-07-05
1562371200.0,287.32000000,296.71000000,285.28000000,288.29000000,2019-07-06
1562457600.0,288.29000000,309.69000000,284.25000000,304.72000000,2019-07-07
1562544000.0,304.72000000,313.74000000,300.78000000,311.97000000,2019-07-08
1562630400.0,311.96000000,318.19000000,302.69000000,307.46000000,2019-07-09
1562716800.0,307.46000000,314.18000000,281.04000000,289.23000000,2019-07-10
1562803200.0,289.23000000,289.23000000,262.12000000,268.63000000,2019-07-11
1562889600.0,268.67000000,278.99000000,266.21000000,274.62000000,2019-07-12
1562976000.0,274.53000000,275.04000000,262.20000000,268.79000000,2019-07-13
1563062400.0,268.80000000,269.74000000,222.81000000,225.85000000,2019-07-14
1563148800.0,225.83000000,235.58000000,203.08000000,228.20000000,2019-07-15
1563235200.0,228.20000000,234.50000000,192.25000000,198.88000000,2019-07-16
1563321600.0,198.94000000,219.86000000,191.84000000,210.81000000,2019-07-17
1563408000.0,210.80000000,229.65000000,205.71000000,225.73000000,2019-07-18
1563494400.0,225.75000000,226.23000000,212.52000000,220.73000000,2019-07-19
1563580800.0,220.84000000,235.09000000,219.78000000,228.20000000,2019-07-20
1563667200.0,228.25000000,229.66000000,216.99000000,225.38000000,2019-07-21
1563753600.0,225.49000000,228.34000000,212.25000000,217.51000000,2019-07-22
1563840000.0,217.59000000,219.55000000,208.36000000,212.48000000,2019-07-23
1563926400.0,212.55000000,218.28000000,202.00000000,216.31000000,2019-07-24
1564012800.0,216.31000000,225.12000000,215.23000000,219.14000000,2019-07-25
1564099200.0,219.14000000,220.00000000,212.71000000,218.81000000,2019-07-26
1564185600.0,218.81000000,223.30000000,203.00000000,207.30000000,2019-07-27
1564272000.0,207.30000000,213.52000000,198.24000000,211.62000000,2019-07-28
1564358400.0,211.58000000,215.83000000,206.59000000,210.89000000,2019-07-29
1564444800.0,210.84000000,214.36000000,204.40000000,209.58000000,2019-07-30
1564531200.0,209.57000000,218.79000000,209.20000000,218.42000000,2019-07-31
1564617600.0,218.42000000,219.39000000,210.54000000,216.84000000,2019-08-01
1564704000.0,216.80000000,222.18000000,214.31000000,217.61000000,2019-08-02
1564790400.0,217.69000000,224.51000000,216.62000000,222.14000000,2019-08-03
1564876800.0,222.14000000,223.34000000,216.90000000,221.79000000,2019-08-04
1564963200.0,221.79000000,236.25000000,221.79000000,233.54000000,2019-08-05
1565049600.0,233.53000000,239.15000000,223.03000000,226.28000000,2019-08-06
1565136000.0,226.31000000,231.25000000,220.95000000,226.10000000,2019-08-07
1565222400.0,226.11000000,228.50000000,215.51000000,221.39000000,2019-08-08
1565308800.0,221.38000000,221.79000000,207.30000000,210.53000000,2019-08-09
1565395200.0,210.52000000,215.00000000,202.60000000,206.48000000,2019-08-10
1565481600.0,206.48000000,216.94000000,206.14000000,216.42000000,2019-08-11
1565568000.0,216.41000000,216.81000000,209.75000000,211.41000000,2019-08-12
1565654400.0,211.58000000,214.30000000,204.00000000,209.30000000,2019-08-13
1565740800.0,209.31000000,209.90000000,183.49000000,187.10000000,2019-08-14
1565827200.0,187.08000000,189.95000000,181.23000000,188.03000000,2019-08-15
1565913600.0,187.98000000,188.39000000,178.04000000,184.88000000,2019-08-16
1566000000.0,184.83000000,187.00000000,181.83000000,185.59000000,2019-08-17
1566086400.0,185.67000000,197.91000000,183.35000000,194.33000000,2019-08-18
1566172800.0,194.32000000,203.59000000,192.70000000,202.28000000,2019-08-19
1566259200.0,202.24000000,202.75000000,194.45000000,196.60000000,2019-08-20
1566345600.0,196.55000000,197.20000000,179.53000000,187.45000000,2019-08-21
1566432000.0,187.45000000,195.14000000,182.80000000,190.35000000,2019-08-22
1566518400.0,190.36000000,196.19000000,188.16000000,194.02000000,2019-08-23
1566604800.0,194.02000000,194.09000000,185.63000000,190.60000000,2019-08-24
1566691200.0,190.60000000,192.40000000,182.80000000,186.54000000,2019-08-25
1566777600.0,186.54000000,193.70000000,186.00000000,188.67000000,2019-08-26
1566864000.0,188.61000000,189.49000000,184.75000000,187.24000000,2019-08-27
1566950400.0,187.30000000,188.25000000,166.48000000,173.03000000,2019-08-28
1567036800.0,173.03000000,173.50000000,163.61000000,169.01000000,2019-08-29
1567123200.0,169.03000000,170.77000000,165.55000000,168.50000000,2019-08-30
1567209600.0,168.48000000,174.98000000,165.63000000,171.57000000,2019-08-31
1567296000.0,171.52000000,173.42000000,167.61000000,170.74000000,2019-09-01
1567382400.0,170.73000000,181.00000000,170.02000000,178.05000000,2019-09-02
1567468800.0,178.00000000,183.00000000,174.09000000,178.75000000,2019-09-03
1567555200.0,178.79000000,180.14000000,173.00000000,174.72000000,2019-09-04
1567641600.0,174.70000000,176.19000000,168.10000000,173.75000000,2019-09-05
1567728000.0,173.74000000,177.87000000,165.00000000,169.08000000,2019-09-06
1567814400.0,169.11000000,180.80000000,168.30000000,177.62000000,2019-09-07
1567900800.0,177.58000000,184.18000000,176.13000000,181.19000000,2019-09-08
1567987200.0,181.18000000,185.38000000,176.01000000,180.54000000,2019-09-09
1568073600.0,180.52000000,184.36000000,177.00000000,179.81000000,2019-09-10
1568160000.0,179.87000000,182.80000000,173.00000000,178.28000000,2019-09-11
1568246400.0,178.30000000,182.38000000,176.62000000,180.72000000,2019-09-12
1568332800.0,180.71000000,181.38000000,177.54000000,180.95000000,2019-09-13
1568419200.0,180.96000000,188.79000000,179.75000000,188.13000000,2019-09-14
1568505600.0,188.14000000,190.45000000,185.76000000,189.03000000,2019-09-15
1568592000.0,189.05000000,199.44000000,188.30000000,197.22000000,2019-09-16
1568678400.0,197.23000000,215.13000000,195.74000000,207.84000000,2019-09-17
1568764800.0,207.85000000,217.27000000,207.66000000,210.21000000,2019-09-18
1568851200.0,210.27000000,223.94000000,202.30000000,220.24000000,2019-09-19
1568937600.0,220.26000000,221.54000000,212.05000000,218.03000000,2019-09-20
1569024000.0,218.01000000,221.50000000,213.20000000,215.05000000,2019-09-21
1569110400.0,215.04000000,215.61000000,206.10000000,211.20000000,2019-09-22
1569196800.0,211.20000000,211.68000000,198.65000000,201.29000000,2019-09-23
1569283200.0,201.25000000,202.98000000,150.03000000,165.81000000,2019-09-24
1569369600.0,165.72000000,174.85000000,161.88000000,169.96000000,2019-09-25
1569456000.0,169.96000000,171.01000000,152.11000000,165.92000000,2019-09-26
1569542400.0,165.92000000,176.72000000,161.03000000,173.79000000,2019-09-27
1569628800.0,173.83000000,175.49000000,168.00000000,173.49000000,2019-09-28
1569715200.0,173.50000000,174.50000000,164.12000000,169.24000000,2019-09-29
1569801600.0,169.26000000,181.24000000,165.01000000,180.85000000,2019-09-30
1569888000.0,180.89000000,185.53000000,173.19000000,175.66000000,2019-10-01
1569974400.0,175.65000000,181.29000000,173.65000000,180.24000000,2019-10-02
1570060800.0,180.24000000,180.72000000,169.55000000,174.69000000,2019-10-03
1570147200.0,174.71000000,178.98000000,170.74000000,175.55000000,2019-10-04
1570233600.0,175.55000000,176.71000000,172.02000000,176.25000000,2019-10-05
1570320000.0,176.23000000,177.04000000,167.68000000,170.10000000,2019-10-06
1570406400.0,170.08000000,182.32000000,168.68000000,179.85000000,2019-10-07
1570492800.0,179.88000000,184.87000000,177.00000000,180.60000000,2019-10-08
1570579200.0,180.61000000,195.53000000,178.96000000,192.62000000,2019-10-09
1570665600.0,192.61000000,194.20000000,186.88000000,191.14000000,2019-10-10
1570752000.0,191.18000000,196.65000000,179.41000000,180.72000000,2019-10-11
1570838400.0,180.65000000,184.64000000,177.59000000,179.68000000,2019-10-12
1570924800.0,179.65000000,184.95000000,178.52000000,180.99000000,2019-10-13
1571011200.0,180.98000000,187.54000000,180.43000000,186.72000000,2019-10-14
1571097600.0,186.70000000,188.37000000,175.96000000,180.49000000,2019-10-15
1571184000.0,180.52000000,181.44000000,171.81000000,174.47000000,2019-10-16
1571270400.0,174.52000000,178.96000000,172.61000000,177.16000000,2019-10-17
1571356800.0,177.17000000,177.44000000,168.66000000,172.74000000,2019-10-18
1571443200.0,172.78000000,174.98000000,169.44000000,171.79000000,2019-10-19
1571529600.0,171.84000000,176.88000000,169.21000000,175.22000000,2019-10-20
1571616000.0,175.18000000,177.90000000,171.59000000,173.98000000,2019-10-21
1571702400.0,174.00000000,175.04000000,170.30000000,171.20000000,2019-10-22
1571788800.0,171.19000000,171.49000000,153.45000000,162.35000000,2019-10-23
1571875200.0,162.35000000,163.72000000,158.72000000,160.38000000,2019-10-24
1571961600.0,160.39000000,187.78000000,160.25000000,181.50000000,2019-10-25
1572048000.0,181.53000000,197.74000000,173.80000000,179.49000000,2019-10-26
1572134400.0,179.42000000,188.70000000,176.22000000,183.75000000,2019-10-27
1572220800.0,183.84000000,189.48000000,180.35000000,181.72000000,2019-10-28
1572307200.0,181.67000000,192.74000000,181.26000000,190.46000000,2019-10-29
1572393600.0,190.45000000,191.71000000,179.28000000,183.13000000,2019-10-30
1572480000.0,183.14000000,185.27000000,177.66000000,182.18000000,2019-10-31
1572566400.0,182.19000000,184.50000000,177.02000000,182.85000000,2019-11-01
1572652800.0,182.86000000,186.00000000,181.53000000,182.91000000,2019-11-02
1572739200.0,182.90000000,184.70000000,178.95000000,181.54000000,2019-11-03
1572825600.0,181.53000000,188.64000000,180.36000000,185.71000000,2019-11-04
1572912000.0,185.71000000,192.51000000,182.22000000,188.68000000,2019-11-05
1572998400.0,188.65000000,195.09000000,187.72000000,191.16000000,2019-11-06
1573084800.0,191.16000000,192.27000000,184.59000000,186.68000000,2019-11-07
1573171200.0,186.67000000,188.26000000,181.41000000,183.74000000,2019-11-08
1573257600.0,183.71000000,185.79000000,182.63000000,184.89000000,2019-11-09
1573344000.0,184.86000000,191.58000000,183.30000000,188.96000000,2019-11-10
1573430400.0,188.96000000,190.19000000,184.06000000,184.98000000,2019-11-11
1573516800.0,184.98000000,187.65000000,182.41000000,187.09000000,2019-11-12
1573603200.0,187.09000000,189.66000000,185.30000000,188.11000000,2019-11-13
1573689600.0,188.07000000,188.72000000,183.34000000,184.92000000,2019-11-14
1573776000.0,184.93000000,186.70000000,177.67000000,180.00000000,2019-11-15
1573862400.0,179.99000000,183.46000000,179.30000000,182.37000000,2019-11-16
1573948800.0,182.37000000,186.09000000,180.00000000,183.82000000,2019-11-17
1574035200.0,183.82000000,184.06000000,175.01000000,178.20000000,2019-11-18
1574121600.0,178.20000000,178.52000000,172.65000000,175.94000000,2019-11-19
1574208000.0,175.93000000,177.41000000,173.50000000,174.72000000,2019-11-20
1574294400.0,174.75000000,175.85000000,157.26000000,161.01000000,2019-11-21
1574380800.0,161.02000000,162.79000000,138.00000000,149.56000000,2019-11-22
1574467200.0,149.55000000,154.33000000,146.11000000,151.84000000,2019-11-23
1574553600.0,151.84000000,152.86000000,138.62000000,139.96000000,2019-11-24
1574640000.0,139.99000000,151.50000000,131.45000000,145.69000000,2019-11-25
1574726400.0,145.81000000,149.97000000,143.37000000,147.47000000,2019-11-26
1574812800.0,147.47000000,155.54000000,140.84000000,152.62000000,2019-11-27
1574899200.0,152.61000000,154.63000000,149.09000000,150.72000000,2019-11-28
1574985600.0,150.69000000,157.60000000,150.23000000,154.57000000,2019-11-29
1575072000.0,154.54000000,155.25000000,149.70000000,151.37000000,2019-11-30
1575158400.0,151.43000000,152.49000000,145.79000000,150.73000000,2019-12-01
1575244800.0,150.72000000,151.42000000,146.71000000,148.65000000,2019-12-02
1575331200.0,148.66000000,149.93000000,145.77000000,147.17000000,2019-12-03
1575417600.0,147.19000000,151.98000000,143.15000000,145.38000000,2019-12-04
1575504000.0,145.45000000,149.02000000,143.64000000,148.10000000,2019-12-05
1575590400.0,148.11000000,149.77000000,145.74000000,148.45000000,2019-12-06
1575676800.0,148.46000000,149.49000000,146.85000000,147.14000000,2019-12-07
1575763200.0,147.16000000,151.62000000,146.11000000,150.44000000,2019-12-08
1575849600.0,150.44000000,151.19000000,146.56000000,147.38000000,2019-12-09
1575936000.0,147.40000000,148.57000000,143.81000000,145.56000000,2019-12-10
1576022400.0,145.53000000,146.34000000,142.12000000,143.39000000,2019-12-11
1576108800.0,143.41000000,145.85000000,139.24000000,144.87000000,2019-12-12
1576195200.0,144.87000000,146.00000000,142.80000000,144.80000000,2019-12-13
1576281600.0,144.80000000,145.07000000,141.18000000,141.79000000,2019-12-14
1576368000.0,141.79000000,144.12000000,139.92000000,142.46000000,2019-12-15
1576454400.0,142.46000000,142.72000000,127.93000000,132.73000000,2019-12-16
1576540800.0,132.72000000,132.98000000,119.11000000,121.88000000,2019-12-17
1576627200.0,121.88000000,134.87000000,116.26000000,132.78000000,2019-12-18
1576713600.0,132.80000000,134.00000000,125.69000000,128.10000000,2019-12-19
1576800000.0,128.10000000,129.39000000,125.84000000,128.19000000,2019-12-20
1576886400.0,128.19000000,128.40000000,126.50000000,126.99000000,2019-12-21
1576972800.0,127.00000000,133.07000000,126.82000000,132.09000000,2019-12-22
1577059200.0,132.12000000,135.10000000,126.00000000,127.80000000,2019-12-23
1577145600.0,127.80000000,129.69000000,126.61000000,127.75000000,2019-12-24
1577232000.0,127.70000000,127.84000000,123.07000000,125.09000000,2019-12-25
1577318400.0,125.09000000,132.26000000,124.32000000,125.58000000,2019-12-26
1577404800.0,125.58000000,127.10000000,121.91000000,126.29000000,2019-12-27
1577491200.0,126.28000000,129.68000000,125.84000000,128.11000000,2019-12-28
1577577600.0,128.11000000,138.07000000,127.52000000,134.36000000,2019-12-29
1577664000.0,134.36000000,136.24000000,130.30000000,131.59000000,2019-12-30
1577750400.0,131.61000000,133.68000000,128.17000000,129.16000000,2019-12-31
1577836800.0,129.16000000,133.05000000,128.68000000,130.77000000,2020-01-01
1577923200.0,130.72000000,130.78000000,126.38000000,127.19000000,2020-01-02
1578009600.0,127.19000000,135.14000000,125.88000000,134.35000000,2020-01-03
1578096000.0,134.37000000,135.85000000,132.50000000,134.20000000,2020-01-04
1578182400.0,134.20000000,138.19000000,134.19000000,135.37000000,2020-01-05
1578268800.0,135.37000000,144.41000000,134.86000000,144.15000000,2020-01-06
1578355200.0,144.14000000,145.31000000,138.76000000,142.80000000,2020-01-07
1578441600.0,142.80000000,147.77000000,137.03000000,140.72000000,2020-01-08
1578528000.0,140.76000000,141.50000000,135.30000000,137.74000000,2020-01-09
1578614400.0,137.73000000,145.17000000,135.32000000,144.84000000,2020-01-10
1578700800.0,144.83000000,148.05000000,142.09000000,142.38000000,2020-01-11
1578787200.0,142.40000000,146.60000000,141.76000000,146.54000000,2020-01-12
1578873600.0,146.56000000,147.00000000,142.27000000,143.58000000,2020-01-13
1578960000.0,143.58000000,171.70000000,143.51000000,165.64000000,2020-01-14
1579046400.0,165.60000000,171.98000000,159.20000000,166.40000000,2020-01-15
1579132800.0,166.40000000,167.40000000,157.80000000,164.21000000,2020-01-16
1579219200.0,164.24000000,174.81000000,162.14000000,169.85000000,2020-01-17
1579305600.0,169.92000000,179.50000000,164.92000000,174.14000000,2020-01-18
1579392000.0,174.10000000,178.05000000,161.66000000,166.79000000,2020-01-19
1579478400.0,166.79000000,169.33000000,161.24000000,166.87000000,2020-01-20
1579564800.0,166.86000000,170.32000000,164.80000000,169.49000000,2020-01-21
1579651200.0,169.48000000,171.47000000,166.03000000,168.07000000,2020-01-22
1579737600.0,168.07000000,168.20000000,159.21000000,162.81000000,2020-01-23
1579824000.0,162.85000000,164.45000000,155.55000000,162.54000000,2020-01-24
1579910400.0,162.51000000,162.79000000,157.61000000,160.35000000,2020-01-25
1579996800.0,160.36000000,168.08000000,159.41000000,167.86000000,2020-01-26
1580083200.0,167.91000000,172.56000000,165.22000000,170.08000000,2020-01-27
1580169600.0,170.04000000,176.20000000,170.03000000,175.64000000,2020-01-28
1580256000.0,175.58000000,178.45000000,173.33000000,173.72000000,2020-01-29
1580342400.0,173.68000000,187.00000000,170.93000000,184.69000000,2020-01-30
1580428800.0,184.71000000,185.82000000,175.22000000,179.99000000,2020-01-31
1580515200.0,179.94000000,184.28000000,179.23000000,183.60000000,2020-02-01
1580601600.0,183.63000000,193.43000000,179.10000000,188.44000000,2020-02-02
1580688000.0,188.48000000,195.19000000,186.62000000,189.69000000,2020-02-03
1580774400.0,189.74000000,191.60000000,184.69000000,188.91000000,2020-02-04
1580860800.0,188.91000000,207.61000000,188.19000000,203.78000000,2020-02-05
1580947200.0,203.78000000,216.33000000,201.02000000,213.19000000,2020-02-06
1581033600.0,213.16000000,225.00000000,213.14000000,223.33000000,2020-02-07
1581120000.0,223.36000000,227.75000000,213.22000000,223.05000000,2020-02-08
1581206400.0,223.01000000,230.65000000,222.86000000,228.49000000,2020-02-09
1581292800.0,228.53000000,229.40000000,216.37000000,222.89000000,2020-02-10
1581379200.0,222.89000000,239.15000000,218.17000000,236.69000000,2020-02-11
1581465600.0,236.69000000,275.34000000,236.69000000,265.74000000,2020-02-12
1581552000.0,265.74000000,277.69000000,256.08000000,268.32000000,2020-02-13
1581638400.0,268.34000000,287.15000000,260.28000000,285.15000000,2020-02-14
1581724800.0,285.11000000,288.41000000,261.86000000,264.88000000,2020-02-15
1581811200.0,264.91000000,274.00000000,237.41000000,258.85000000,2020-02-16
1581897600.0,258.89000000,268.77000000,242.00000000,267.85000000,2020-02-17
1581984000.0,267.90000000,285.88000000,258.00000000,282.61000000,2020-02-18
1582070400.0,282.64000000,285.00000000,251.56000000,258.45000000,2020-02-19
1582156800.0,258.44000000,264.33000000,245.34000000,256.96000000,2020-02-20
1582243200.0,256.97000000,268.24000000,253.61000000,265.27000000,2020-02-21
1582329600.0,265.32000000,266.81000000,256.00000000,261.57000000,2020-02-22
1582416000.0,261.55000000,275.68000000,261.02000000,274.48000000,2020-02-23
1582502400.0,274.50000000,277.20000000,257.09000000,265.52000000,2020-02-24
1582588800.0,265.47000000,266.22000000,244.44000000,246.67000000,2020-02-25
1582675200.0,246.67000000,250.32000000,215.66000000,223.93000000,2020-02-26
1582761600.0,223.98000000,238.30000000,210.00000000,227.79000000,2020-02-27
1582848000.0,227.73000000,234.67000000,214.01000000,226.76000000,2020-02-28
1582934400.0,226.76000000,233.00000000,217.00000000,217.21000000,2020-02-29
1583020800.0,217.29000000,227.89000000,212.36000000,217.81000000,2020-03-01
1583107200.0,217.81000000,234.40000000,216.07000000,231.97000000,2020-03-02
1583193600.0,232.10000000,232.46000000,219.57000000,223.91000000,2020-03-03
1583280000.0,223.84000000,228.85000000,220.23000000,224.26000000,2020-03-04
1583366400.0,224.26000000,234.09000000,224.23000000,228.38000000,2020-03-05
1583452800.0,228.38000000,245.16000000,227.33000000,244.88000000,2020-03-06
1583539200.0,244.93000000,251.93000000,236.00000000,237.23000000,2020-03-07
1583625600.0,237.23000000,237.23000000,195.50000000,199.43000000,2020-03-08
1583712000.0,199.43000000,208.62000000,190.00000000,202.81000000,2020-03-09
1583798400.0,202.79000000,206.20000000,195.54000000,200.70000000,2020-03-10
1583884800.0,200.74000000,203.18000000,181.73000000,194.61000000,2020-03-11
1583971200.0,194.61000000,195.55000000,101.20000000,107.82000000,2020-03-12
1584057600.0,107.67000000,139.68000000,86.00000000,134.06000000,2020-03-13
1584144000.0,134.06000000,134.68000000,120.00000000,122.54000000,2020-03-14
1584230400.0,122.54000000,133.50000000,120.16000000,123.78000000,2020-03-15
1584316800.0,123.82000000,124.33000000,101.10000000,111.02000000,2020-03-16
1584403200.0,111.02000000,120.80000000,109.38000000,115.67000000,2020-03-17
1584489600.0,115.67000000,118.50000000,109.86000000,118.11000000,2020-03-18
1584576000.0,118.11000000,143.13000000,115.46000000,136.30000000,2020-03-19
1584662400.0,136.30000000,152.55000000,116.74000000,133.48000000,2020-03-20
1584748800.0,133.49000000,137.49000000,125.69000000,132.66000000,2020-03-21
1584835200.0,132.63000000,137.13000000,121.10000000,122.32000000,2020-03-22
1584921600.0,122.31000000,137.50000000,119.50000000,135.92000000,2020-03-23
1585008000.0,135.89000000,143.36000000,132.20000000,138.42000000,2020-03-24
1585094400.0,138.42000000,142.33000000,132.54000000,136.10000000,2020-03-25
1585180800.0,136.11000000,139.74000000,133.26000000,138.40000000,2020-03-26
1585267200.0,138.40000000,141.27000000,129.68000000,131.33000000,2020-03-27
1585353600.0,131.33000000,132.97000000,124.88000000,130.98000000,2020-03-28
1585440000.0,130.94000000,131.84000000,123.81000000,124.50000000,2020-03-29
1585526400.0,124.47000000,135.42000000,124.06000000,132.06000000,2020-03-30
1585612800.0,132.09000000,135.00000000,130.38000000,132.72000000,2020-03-31
1585699200.0,132.72000000,136.99000000,128.62000000,135.69000000,2020-04-01
1585785600.0,135.65000000,149.76000000,135.01000000,141.28000000,2020-04-02
1585872000.0,141.27000000,146.72000000,137.26000000,141.31000000,2020-04-03
1585958400.0,141.30000000,146.28000000,138.88000000,144.10000000,2020-04-04
1586044800.0,144.10000000,145.58000000,140.68000000,142.68000000,2020-04-05
1586131200.0,142.69000000,172.00000000,142.60000000,171.32000000,2020-04-06
1586217600.0,171.32000000,176.22000000,162.22000000,164.63000000,2020-04-07
1586304000.0,164.62000000,174.48000000,163.59000000,173.11000000,2020-04-08
1586390400.0,173.15000000,173.38000000,165.19000000,169.52000000,2020-04-09
1586476800.0,169.56000000,170.10000000,152.11000000,157.81000000,2020-04-10
1586563200.0,157.81000000,161.37000000,153.91000000,158.33000000,2020-04-11
1586649600.0,158.33000000,164.78000000,155.00000000,158.59000000,2020-04-12
1586736000.0,158.56000000,158.97000000,150.00000000,156.29000000,2020-04-13
1586822400.0,156.28000000,161.85000000,155.23000000,158.45000000,2020-04-14
1586908800.0,158.46000000,161.29000000,152.00000000,152.73000000,2020-04-15
1586995200.0,152.74000000,174.79000000,148.33000000,172.29000000,2020-04-16
1587081600.0,172.31000000,174.96000000,168.31000000,170.69000000,2020-04-17
1587168000.0,170.61000000,189.54000000,170.48000000,187.40000000,2020-04-18
1587254400.0,187.40000000,188.35000000,175.75000000,180.03000000,2020-04-19
1587340800.0,180.02000000,186.46000000,166.70000000,170.20000000,2020-04-20
1587427200.0,170.21000000,174.70000000,168.00000000,170.74000000,2020-04-21
1587513600.0,170.73000000,184.00000000,169.78000000,182.70000000,2020-04-22
1587600000.0,182.70000000,193.63000000,178.16000000,185.51000000,2020-04-23
1587686400.0,185.57000000,189.80000000,184.72000000,187.59000000,2020-04-24
1587772800.0,187.60000000,198.36000000,185.76000000,194.21000000,2020-04-25
1587859200.0,194.21000000,200.00000000,192.30000000,197.38000000,2020-04-26
1587945600.0,197.39000000,199.05000000,189.29000000,196.34000000,2020-04-27
1588032000.0,196.33000000,198.50000000,192.36000000,196.24000000,2020-04-28
1588118400.0,196.24000000,218.77000000,196.22000000,215.36000000,2020-04-29
1588204800.0,215.40000000,227.30000000,202.00000000,206.08000000,2020-04-30
1588291200.0,206.07000000,217.14000000,205.91000000,212.02000000,2020-05-01
1588377600.0,212.01000000,215.37000000,210.36000000,213.90000000,2020-05-02
1588464000.0,213.89000000,219.30000000,203.92000000,209.86000000,2020-05-03
1588550400.0,209.86000000,210.65000000,194.88000000,206.48000000,2020-05-04
1588636800.0,206.47000000,211.68000000,201.00000000,205.29000000,2020-05-05
1588723200.0,205.30000000,210.77000000,197.71000000,198.97000000,2020-05-06
1588809600.0,198.92000000,215.10000000,196.43000000,212.00000000,2020-05-07
1588896000.0,212.01000000,216.61000000,206.90000000,211.31000000,2020-05-08
1588982400.0,211.32000000,214.60000000,208.40000000,210.07000000,2020-05-09
1589068800.0,210.09000000,210.18000000,179.59000000,187.54000000,2020-05-10
1589155200.0,187.62000000,193.50000000,176.00000000,185.73000000,2020-05-11
1589241600.0,185.80000000,192.24000000,185.48000000,189.76000000,2020-05-12
1589328000.0,189.77000000,201.00000000,188.35000000,199.58000000,2020-05-13
1589414400.0,199.61000000,206.02000000,195.67000000,203.29000000,2020-05-14
1589500800.0,203.29000000,204.08000000,191.66000000,194.86000000,2020-05-15
1589587200.0,194.87000000,203.50000000,193.21000000,200.45000000,2020-05-16
1589673600.0,200.44000000,209.85000000,199.68000000,207.00000000,2020-05-17
1589760000.0,207.02000000,217.07000000,207.00000000,214.91000000,2020-05-18
1589846400.0,214.92000000,215.95000000,209.45000000,214.58000000,2020-05-19
1589932800.0,214.60000000,215.75000000,204.27000000,209.98000000,2020-05-20
1590019200.0,209.99000000,211.64000000,191.71000000,198.74000000,2020-05-21
1590105600.0,198.72000000,209.19000000,196.24000000,207.36000000,2020-05-22
1590192000.0,207.36000000,211.20000000,204.55000000,206.60000000,2020-05-23
1590278400.0,206.60000000,210.55000000,199.50000000,199.90000000,2020-05-24
1590364800.0,199.90000000,205.67000000,198.01000000,204.15000000,2020-05-25
1590451200.0,204.22000000,205.00000000,196.90000000,200.89000000,2020-05-26
1590537600.0,200.92000000,208.44000000,200.76000000,208.29000000,2020-05-27
1590624000.0,208.29000000,220.50000000,204.67000000,220.21000000,2020-05-28
1590710400.0,220.24000000,224.79000000,217.57000000,220.67000000,2020-05-29
1590796800.0,220.63000000,247.00000000,218.80000000,243.66000000,2020-05-30
1590883200.0,243.71000000,245.39000000,229.58000000,231.57000000,2020-05-31
1590969600.0,231.56000000,250.68000000,230.66000000,248.23000000,2020-06-01
1591056000.0,248.23000000,253.80000000,225.00000000,237.71000000,2020-06-02
1591142400.0,237.71000000,245.00000000,232.71000000,244.52000000,2020-06-03
1591228800.0,244.54000000,246.60000000,236.00000000,243.21000000,2020-06-04
1591315200.0,243.22000000,247.87000000,239.14000000,240.03000000,2020-06-05
1591401600.0,240.04000000,244.70000000,237.83000000,241.94000000,2020-06-06
1591488000.0,241.94000000,245.37000000,234.60000000,244.56000000,2020-06-07
1591574400.0,244.57000000,247.70000000,240.59000000,246.40000000,2020-06-08
1591660800.0,246.37000000,249.82000000,238.00000000,243.80000000,2020-06-09
1591747200.0,243.79000000,250.28000000,242.00000000,247.78000000,2020-06-10
1591833600.0,247.78000000,250.09000000,226.20000000,230.51000000,2020-06-11
1591920000.0,230.46000000,239.38000000,228.19000000,237.55000000,2020-06-12
1592006400.0,237.55000000,238.73000000,234.66000000,238.11000000,2020-06-13
1592092800.0,238.13000000,238.59000000,229.83000000,231.77000000,2020-06-14
1592179200.0,231.74000000,233.55000000,218.27000000,230.86000000,2020-06-15
1592265600.0,230.86000000,236.00000000,228.70000000,235.30000000,2020-06-16
1592352000.0,235.31000000,237.30000000,227.65000000,233.82000000,2020-06-17
1592438400.0,233.82000000,234.65000000,227.93000000,231.27000000,2020-06-18
1592524800.0,231.26000000,231.95000000,226.74000000,229.00000000,2020-06-19
1592611200.0,229.00000000,230.85000000,225.62000000,228.89000000,2020-06-20
1592697600.0,228.88000000,231.49000000,227.11000000,228.04000000,2020-06-21
1592784000.0,228.03000000,246.89000000,227.51000000,243.13000000,2020-06-22
1592870400.0,243.11000000,244.87000000,240.75000000,243.14000000,2020-06-23
1592956800.0,243.15000000,249.24000000,231.07000000,234.58000000,2020-06-24
1593043200.0,234.57000000,235.39000000,227.56000000,232.50000000,2020-06-25
1593129600.0,232.49000000,233.61000000,227.75000000,229.64000000,2020-06-26
1593216000.0,229.66000000,231.42000000,216.00000000,220.94000000,2020-06-27
1593302400.0,220.94000000,227.96000000,218.32000000,224.93000000,2020-06-28
1593388800.0,224.89000000,229.96000000,221.26000000,227.93000000,2020-06-29
1593475200.0,227.98000000,228.70000000,222.91000000,225.60000000,2020-06-30
1593561600.0,225.59000000,232.71000000,224.16000000,230.99000000,2020-07-01
1593648000.0,230.99000000,232.01000000,222.87000000,226.46000000,2020-07-02
1593734400.0,226.46000000,228.13000000,223.97000000,224.87000000,2020-07-03
1593820800.0,224.86000000,230.71000000,224.43000000,229.17000000,2020-07-04
1593907200.0,229.24000000,229.85000000,223.05000000,227.56000000,2020-07-05
1593993600.0,227.54000000,242.00000000,226.93000000,241.60000000,2020-07-06
1594080000.0,241.60000000,243.77000000,234.40000000,239.39000000,2020-07-07
1594166400.0,239.39000000,248.88000000,237.78000000,246.95000000,2020-07-08
1594252800.0,246.94000000,247.90000000,237.88000000,241.98000000,2020-07-09
1594339200.0,241.97000000,242.16000000,235.72000000,241.26000000,2020-07-10
1594425600.0,241.27000000,241.67000000,237.54000000,239.19000000,2020-07-11
1594512000.0,239.19000000,244.00000000,236.52000000,242.79000000,2020-07-12
1594598400.0,242.76000000,245.33000000,237.33000000,239.50000000,2020-07-13
1594684800.0,239.50000000,242.09000000,237.00000000,240.44000000,2020-07-14
1594771200.0,240.45000000,241.45000000,236.83000000,238.61000000,2020-07-15
1594857600.0,238.59000000,239.39000000,230.02000000,233.57000000,2020-07-16
1594944000.0,233.58000000,234.84000000,231.65000000,232.67000000,2020-07-17
1595030400.0,232.66000000,236.80000000,232.32000000,235.67000000,2020-07-18
1595116800.0,235.67000000,239.92000000,233.28000000,239.11000000,2020-07-19
1595203200.0,239.12000000,239.72000000,234.05000000,236.01000000,2020-07-20
1595289600.0,236.00000000,246.66000000,235.57000000,245.59000000,2020-07-21
1595376000.0,245.53000000,269.61000000,241.51000000,263.74000000,2020-07-22
1595462400.0,263.75000000,279.98000000,259.70000000,275.30000000,2020-07-23
1595548800.0,275.31000000,287.34000000,266.00000000,279.15000000,2020-07-24
1595635200.0,279.15000000,308.94000000,279.09000000,305.26000000,2020-07-25
1595721600.0,305.31000000,318.75000000,299.00000000,311.00000000,2020-07-26
1595808000.0,311.02000000,333.31000000,310.78000000,321.93000000,2020-07-27
1595894400.0,321.95000000,326.80000000,305.86000000,316.77000000,2020-07-28
1595980800.0,316.77000000,325.00000000,312.38000000,317.71000000,2020-07-29
1596067200.0,317.76000000,342.00000000,314.05000000,334.87000000,2020-07-30
1596153600.0,334.82000000,349.45000000,328.40000000,346.33000000,2020-07-31
1596240000.0,346.32000000,392.67000000,343.07000000,387.00000000,2020-08-01
1596326400.0,387.01000000,415.85000000,325.00000000,372.42000000,2020-08-02
1596412800.0,372.45000000,398.00000000,366.50000000,385.94000000,2020-08-03
1596499200.0,385.91000000,402.98000000,380.77000000,389.61000000,2020-08-04
1596585600.0,389.59000000,407.00000000,384.11000000,400.72000000,2020-08-05
1596672000.0,400.72000000,403.66000000,390.51000000,394.77000000,2020-08-06
1596758400.0,394.77000000,398.26000000,362.85000000,379.34000000,2020-08-07
1596844800.0,379.34000000,397.05000000,375.79000000,397.03000000,2020-08-08
1596931200.0,397.05000000,400.00000000,383.36000000,390.14000000,2020-08-09
1597017600.0,390.14000000,399.18000000,385.13000000,395.44000000,2020-08-10
1597104000.0,395.43000000,398.21000000,367.00000000,379.00000000,2020-08-11
1597190400.0,378.99000000,389.23000000,365.85000000,387.18000000,2020-08-12
1597276800.0,387.18000000,431.49000000,376.59000000,424.54000000,2020-08-13
1597363200.0,424.54000000,444.71000000,417.05000000,438.11000000,2020-08-14
1597449600.0,438.12000000,442.94000000,427.02000000,432.32000000,2020-08-15
1597536000.0,432.30000000,436.99000000,412.47000000,433.62000000,2020-08-16
1597622400.0,433.61000000,446.00000000,420.37000000,430.89000000,2020-08-17
1597708800.0,430.89000000,433.81000000,415.00000000,421.95000000,2020-08-18
1597795200.0,421.92000000,426.75000000,393.25000000,407.46000000,2020-08-19
1597881600.0,407.46000000,418.98000000,402.07000000,415.94000000,2020-08-20
1597968000.0,415.94000000,418.68000000,385.10000000,387.97000000,2020-08-21
1598054400.0,387.93000000,397.04000000,379.92000000,395.24000000,2020-08-22
1598140800.0,395.23000000,396.95000000,383.15000000,390.71000000,2020-08-23
1598227200.0,390.72000000,410.42000000,387.44000000,407.68000000,2020-08-24
1598313600.0,407.68000000,409.06000000,370.00000000,382.93000000,2020-08-25
1598400000.0,382.91000000,392.91000000,377.37000000,385.81000000,2020-08-26
1598486400.0,385.81000000,397.10000000,371.48000000,383.27000000,2020-08-27
1598572800.0,383.31000000,398.00000000,379.75000000,395.11000000,2020-08-28
1598659200.0,395.10000000,405.69000000,391.88000000,398.65000000,2020-08-29
1598745600.0,398.65000000,429.89000000,398.30000000,428.94000000,2020-08-30
1598832000.0,428.94000000,439.00000000,418.04000000,433.79000000,2020-08-31
1598918400.0,433.80000000,488.84000000,429.03000000,475.40000000,2020-09-01
1599004800.0,475.40000000,481.39000000,420.00000000,439.50000000,2020-09-02
1599091200.0,439.50000000,450.70000000,372.00000000,381.40000000,2020-09-03
1599177600.0,381.35000000,400.21000000,357.00000000,385.26000000,2020-09-04
1599264000.0,385.30000000,395.00000000,308.42000000,335.01000000,2020-09-05
1599350400.0,335.04000000,360.00000000,316.10000000,352.80000000,2020-09-06
1599436800.0,352.85000000,358.51000000,323.00000000,353.59000000,2020-09-07
1599523200.0,353.59000000,356.58000000,325.38000000,337.39000000,2020-09-08
1599609600.0,337.41000000,359.00000000,330.51000000,350.85000000,2020-09-09
1599696000.0,350.85000000,377.25000000,349.91000000,367.93000000,2020-09-10
1599782400.0,367.93000000,375.27000000,355.49000000,373.63000000,2020-09-11
1599868800.0,373.62000000,388.57000000,364.73000000,387.78000000,2020-09-12
1599955200.0,387.78000000,390.43000000,350.00000000,366.42000000,2020-09-13
1600041600.0,366.43000000,384.64000000,355.73000000,377.12000000,2020-09-14
1600128000.0,377.12000000,382.47000000,362.34000000,364.06000000,2020-09-15
1600214400.0,364.05000000,373.45000000,355.00000000,365.11000000,2020-09-16
1600300800.0,365.04000000,394.14000000,363.30000000,389.36000000,2020-09-17
1600387200.0,389.35000000,392.58000000,375.33000000,384.39000000,2020-09-18
1600473600.0,384.40000000,388.72000000,377.00000000,385.25000000,2020-09-19
1600560000.0,385.25000000,385.45000000,365.00000000,371.04000000,2020-09-20
1600646400.0,371.04000000,376.80000000,331.00000000,340.36000000,2020-09-21
1600732800.0,340.31000000,346.91000000,335.34000000,344.21000000,2020-09-22
1600819200.0,344.18000000,344.65000000,313.29000000,320.72000000,2020-09-23
1600905600.0,320.72000000,353.10000000,316.67000000,348.97000000,2020-09-24
1600992000.0,348.97000000,358.00000000,337.58000000,351.92000000,2020-09-25
1601078400.0,351.93000000,356.40000000,345.88000000,353.92000000,2020-09-26
1601164800.0,353.95000000,362.14000000,347.24000000,357.49000000,2020-09-27
1601251200.0,357.58000000,368.20000000,351.70000000,353.96000000,2020-09-28
1601337600.0,353.91000000,360.63000000,350.45000000,359.79000000,2020-09-29
1601424000.0,359.78000000,361.50000000,351.56000000,359.83000000,2020-09-30
1601510400.0,359.83000000,370.45000000,345.51000000,352.85000000,2020-10-01
1601596800.0,352.83000000,354.55000000,334.24000000,345.60000000,2020-10-02
1601683200.0,345.60000000,351.00000000,343.70000000,345.95000000,2020-10-03
1601769600.0,345.94000000,354.45000000,343.81000000,352.37000000,2020-10-04
1601856000.0,352.34000000,356.10000000,348.54000000,353.62000000,2020-10-05
1601942400.0,353.63000000,355.10000000,336.80000000,340.75000000,2020-10-06
1602028800.0,340.80000000,342.85000000,332.18000000,341.58000000,2020-10-07
1602115200.0,341.58000000,353.32000000,334.21000000,350.95000000,2020-10-08
1602201600.0,350.94000000,368.33000000,347.32000000,365.02000000,2020-10-09
1602288000.0,365.01000000,378.40000000,364.71000000,370.52000000,2020-10-10
1602374400.0,370.51000000,377.60000000,368.87000000,374.16000000,2020-10-11
1602460800.0,374.17000000,394.80000000,365.58000000,386.51000000,2020-10-12
1602547200.0,386.51000000,387.75000000,374.51000000,381.04000000,2020-10-13
1602633600.0,381.05000000,387.41000000,373.13000000,378.69000000,2020-10-14
1602720000.0,378.69000000,381.79000000,369.85000000,377.64000000,2020-10-15
1602806400.0,377.63000000,379.83000000,361.18000000,365.50000000,2020-10-16
1602892800.0,365.50000000,370.46000000,363.36000000,368.32000000,2020-10-17
1602979200.0,368.31000000,378.64000000,367.10000000,378.11000000,2020-10-18
1603065600.0,378.12000000,384.32000000,372.50000000,379.30000000,2020-10-19
1603152000.0,379.30000000,380.73000000,365.27000000,368.52000000,2020-10-20
1603238400.0,368.53000000,401.49000000,367.74000000,390.38000000,2020-10-21
1603324800.0,390.31000000,420.73000000,390.21000000,413.98000000,2020-10-22
1603411200.0,413.94000000,419.33000000,401.30000000,409.11000000,2020-10-23
1603497600.0,409.19000000,416.66000000,407.00000000,412.14000000,2020-10-24
1603584000.0,412.14000000,417.40000000,402.50000000,405.86000000,2020-10-25
1603670400.0,405.85000000,411.11000000,382.30000000,392.52000000,2020-10-26
1603756800.0,392.52000000,410.25000000,389.90000000,403.45000000,2020-10-27
1603843200.0,403.41000000,409.20000000,380.52000000,388.23000000,2020-10-28
1603929600.0,388.22000000,393.72000000,380.52000000,387.13000000,2020-10-29
1604016000.0,387.12000000,391.97000000,373.29000000,382.49000000,2020-10-30
1604102400.0,382.59000000,394.88000000,379.90000000,386.46000000,2020-10-31
1604188800.0,386.44000000,398.29000000,384.61000000,396.67000000,2020-11-01
1604275200.0,396.68000000,404.50000000,377.92000000,383.02000000,2020-11-02
1604361600.0,383.01000000,390.00000000,370.23000000,387.88000000,2020-11-03
1604448000.0,387.88000000,408.39000000,376.47000000,402.49000000,2020-11-04
1604534400.0,402.50000000,420.40000000,396.14000000,416.69000000,2020-11-05
1604620800.0,416.73000000,458.27000000,414.76000000,455.91000000,2020-11-06
1604707200.0,455.91000000,468.28000000,424.14000000,435.21000000,2020-11-07
1604793600.0,435.20000000,460.10000000,431.99000000,454.30000000,2020-11-08
1604880000.0,454.29000000,459.10000000,433.09000000,444.32000000,2020-11-09
1604966400.0,444.32000000,455.00000000,438.70000000,450.34000000,2020-11-10
1605052800.0,450.34000000,476.25000000,449.28000000,463.09000000,2020-11-11
1605139200.0,463.09000000,470.00000000,451.20000000,462.39000000,2020-11-12
1605225600.0,462.48000000,478.01000000,457.12000000,476.43000000,2020-11-13
1605312000.0,476.42000000,477.47000000,452.00000000,460.89000000,2020-11-14
1605398400.0,460.90000000,462.89000000,440.19000000,448.08000000,2020-11-15
1605484800.0,448.07000000,466.00000000,445.45000000,460.55000000,2020-11-16
1605571200.0,460.51000000,484.88000000,459.80000000,482.15000000,2020-11-17
1605657600.0,482.11000000,495.31000000,456.60000000,478.41000000,2020-11-18
1605744000.0,478.43000000,480.75000000,464.86000000,471.25000000,2020-11-19
1605830400.0,471.26000000,514.40000000,470.65000000,510.12000000,2020-11-20
1605916800.0,510.12000000,553.32000000,502.82000000,552.35000000,2020-11-21
1606003200.0,552.42000000,580.88000000,511.28000000,560.03000000,2020-11-22
1606089600.0,560.03000000,610.85000000,550.12000000,608.58000000,2020-11-23
1606176000.0,608.58000000,623.00000000,585.00000000,604.97000000,2020-11-24
1606262400.0,604.98000000,606.00000000,553.83000000,569.50000000,2020-11-25
1606348800.0,569.38000000,577.14000000,481.00000000,519.83000000,2020-11-26
1606435200.0,519.83000000,530.62000000,493.72000000,518.68000000,2020-11-27
1606521600.0,518.59000000,547.94000000,506.59000000,537.52000000,2020-11-28
1606608000.0,537.50000000,576.90000000,530.32000000,576.30000000,2020-11-29
1606694400.0,576.32000000,616.85000000,570.07000000,616.66000000,2020-11-30
1606780800.0,616.65000000,635.70000000,560.00000000,585.26000000,2020-12-01
1606867200.0,585.26000000,604.93000000,575.00000000,596.89000000,2020-12-02
1606953600.0,596.88000000,623.44000000,585.82000000,615.85000000,2020-12-03
1607040000.0,615.84000000,620.00000000,565.82000000,567.24000000,2020-12-04
1607126400.0,567.24000000,597.11000000,560.88000000,596.80000000,2020-12-05
1607212800.0,596.82000000,607.50000000,583.00000000,601.54000000,2020-12-06
1607299200.0,601.59000000,603.15000000,584.22000000,591.28000000,2020-12-07
1607385600.0,591.27000000,595.00000000,549.22000000,554.94000000,2020-12-08
1607472000.0,554.92000000,578.08000000,530.43000000,573.09000000,2020-12-09
1607558400.0,573.20000000,575.70000000,548.11000000,558.99000000,2020-12-10
1607644800.0,558.99000000,560.80000000,535.50000000,544.43000000,2020-12-11
1607731200.0,544.46000000,574.00000000,543.10000000,568.04000000,2020-12-12
1607817600.0,568.09000000,595.00000000,563.22000000,590.70000000,2020-12-13
1607904000.0,590.81000000,591.48000000,575.60000000,586.29000000,2020-12-14
1607990400.0,586.29000000,597.20000000,578.58000000,588.64000000,2020-12-15
1608076800.0,588.78000000,640.00000000,580.71000000,637.18000000,2020-12-16
1608163200.0,637.18000000,676.25000000,625.76000000,642.70000000,2020-12-17
1608249600.0,642.71000000,664.61000000,629.40000000,653.85000000,2020-12-18
1608336000.0,653.76000000,669.95000000,645.42000000,658.03000000,2020-12-19
1608422400.0,658.05000000,661.39000000,621.01000000,638.18000000,2020-12-20
1608508800.0,638.10000000,648.00000000,595.90000000,607.58000000,2020-12-21
1608595200.0,607.68000000,637.73000000,588.00000000,636.45000000,2020-12-22
1608681600.0,636.41000000,638.44000000,551.28000000,585.56000000,2020-12-23
1608768000.0,585.48000000,615.02000000,565.43000000,612.31000000,2020-12-24
1608854400.0,612.31000000,634.24000000,604.28000000,627.87000000,2020-12-25
