,Timestamp,Open,High,Low,Close,Date,Closing_SMA_5,Closing_SMA_50,Closing_SMA_200,Closing EMA_10,Closing EMA_20,Closing EMA_50,Order,Transaction
0,1577577600.0,128.11000000,138.07000000,127.52000000,134.36000000,2019-12-29,,,,134.36,134.36,134.36,,
1,1577664000.0,134.36000000,136.24000000,130.30000000,131.59000000,2019-12-30,,,,133.85636363636365,134.0961904761905,134.25137254901964,,
2,1577750400.0,131.61000000,133.68000000,128.17000000,129.16000000,2019-12-31,,,,133.002479338843,133.62607709750569,134.05171088043062,,
3,1577836800.0,129.16000000,133.05000000,128.68000000,130.77000000,2020-01-01,,,,132.5965740045079,133.3540697548861,133.9230163361,BUY ORDER,
4,1577923200.0,130.72000000,130.78000000,126.38000000,127.19000000,2020-01-02,130.61399999999998,,,131.6135605491428,132.767015492516,133.65897647978238,,
5,1578009600.0,127.19000000,135.14000000,125.88000000,134.35000000,2020-01-03,130.612,,,132.1110949947532,132.9177759218002,133.68607544135955,,BOUGHT
6,1578096000.0,134.37000000,135.85000000,132.50000000,134.20000000,2020-01-04,131.134,,,132.49089590479807,133.03989250067636,133.70622934561996,SELL ORDER,
7,1578182400.0,134.20000000,138.19000000,134.19000000,135.37000000,2020-01-05,132.376,,,133.01436937665295,133.26180750061195,133.77147525363486,,
8,1578268800.0,135.37000000,144.41000000,134.86000000,144.15000000,2020-01-06,135.052,,,135.03902948998876,134.2987782148394,134.17847622408055,,
9,1578355200.0,144.14000000,145.31000000,138.76000000,142.80000000,2020-01-07,138.17399999999998,,,136.45011503726352,135.10841838485467,134.51657519568525,,SOLD
10,1578441600.0,142.80000000,147.77000000,137.03000000,140.72000000,2020-01-08,139.44799999999998,,,137.22645775776104,135.64285472915424,134.75984675663878,SELL ORDER,
11,1578528000.0,140.76000000,141.50000000,135.30000000,137.74000000,2020-01-09,140.156,,,137.31982907453175,135.84258285018717,134.8767155112804,,SOLD
12,1578614400.0,137.73000000,145.17000000,135.32000000,144.84000000,2020-01-10,142.05,,,138.68713287916233,136.69947972159792,135.2674325500537,,
13,1578700800.0,144.83000000,148.05000000,142.09000000,142.38000000,2020-01-11,141.696,,,139.35856326476917,137.2404816528743,135.5463567637771,SELL ORDER,
14,1578787200.0,142.40000000,146.60000000,141.76000000,146.54000000,2020-01-12,142.44400000000002,,,140.66427903481113,138.12615006688628,135.97748002794273,,
15,1578873600.0,146.56000000,147.00000000,142.27000000,143.58000000,2020-01-13,143.01600000000002,,,141.1944101193909,138.64556434623043,136.27561806606263,,SOLD
16,1578960000.0,143.58000000,171.70000000,143.51000000,165.64000000,2020-01-14,148.596,,,145.6390628249562,141.21646297992277,137.4271624556288,,
17,1579046400.0,165.60000000,171.98000000,159.20000000,166.40000000,2020-01-15,152.908,,,149.41377867496416,143.614895077073,138.5633521632512,,
18,1579132800.0,166.40000000,167.40000000,157.80000000,164.21000000,2020-01-16,157.274,,,152.10400073406157,145.57633364116128,139.56910305881,SELL ORDER,
19,1579219200.0,164.24000000,174.81000000,162.14000000,169.85000000,2020-01-17,161.936,,,155.33054605514127,147.8881113896221,140.75658921336645,,
20,1579305600.0,169.92000000,179.50000000,164.92000000,174.14000000,2020-01-18,168.048,,,158.7504467723883,150.38829125727716,142.06574257754818,,
21,1579392000.0,174.10000000,178.05000000,161.66000000,166.79000000,2020-01-19,168.278,,,160.21218372286313,151.9503587565841,143.03532129999726,,SOLD
22,1579478400.0,166.79000000,169.33000000,161.24000000,166.87000000,2020-01-20,168.372,,,161.42269577325163,153.37127697024277,143.9700145823503,,
23,1579564800.0,166.86000000,170.32000000,164.80000000,169.49000000,2020-01-21,169.428,,,162.88947835993315,154.90639344926726,144.97079832421892,,
24,1579651200.0,169.48000000,171.47000000,166.03000000,168.07000000,2020-01-22,169.072,,,163.83139138539985,156.16007026362274,145.87664937032798,SELL ORDER,
25,1579737600.0,168.07000000,168.20000000,159.21000000,162.81000000,2020-01-23,166.806,,,163.64568386078167,156.79339690518248,146.54070233619746,,SOLD
26,1579824000.0,162.85000000,164.45000000,155.55000000,162.54000000,2020-01-24,165.95600000000002,,,163.44465043154864,157.34069243802224,147.16812577399364,,
27,1579910400.0,162.51000000,162.79000000,157.61000000,160.35000000,2020-01-25,164.65200000000002,,,162.8819867167216,157.6272931582106,147.68506201815075,,
28,1579996800.0,160.36000000,168.08000000,159.41000000,167.86000000,2020-01-26,164.32600000000002,,,163.78708004095404,158.60183666695247,148.47623605665464,,
29,1580083200.0,167.91000000,172.56000000,165.22000000,170.08000000,2020-01-27,164.728,,,164.93124730623512,159.69499507962368,149.32344248580543,,
30,1580169600.0,170.04000000,176.20000000,170.03000000,175.64000000,2020-01-28,167.294,,,166.878293250556,161.21356697680238,150.35546434910717,,
31,1580256000.0,175.58000000,178.45000000,173.33000000,173.72000000,2020-01-29,169.53000000000003,,,168.1222399322731,162.40465583615455,151.2717206491422,SELL ORDER,
32,1580342400.0,173.68000000,187.00000000,170.93000000,184.69000000,2020-01-30,174.39800000000002,,,171.13455994458707,164.5270695660446,152.58224140799936,,
33,1580428800.0,184.71000000,185.82000000,175.22000000,179.99000000,2020-01-31,176.824,,,172.74463995466212,165.99972960737367,153.65705547043078,,SOLD
34,1580515200.0,179.94000000,184.28000000,179.23000000,183.60000000,2020-02-01,179.528,,,174.71834178108716,167.67594583524286,154.8312885892374,,
35,1580601600.0,183.63000000,193.43000000,179.10000000,188.44000000,2020-02-02,182.088,,,177.2131887299804,169.65347480331496,156.1492772720124,,
36,1580688000.0,188.48000000,195.19000000,186.62000000,189.69000000,2020-02-03,185.28199999999998,,,179.48169986998397,171.56171529823735,157.46459973193348,,
37,1580774400.0,189.74000000,191.60000000,184.69000000,188.91000000,2020-02-04,186.12599999999998,,,181.1959362572596,173.2139328888814,158.69775268362235,SELL ORDER,
38,1580860800.0,188.91000000,207.61000000,188.19000000,203.78000000,2020-02-05,190.88399999999996,,,185.30212966503058,176.12498689946412,160.4656839509313,,
39,1580947200.0,203.78000000,216.33000000,201.02000000,213.19000000,2020-02-06,196.80199999999996,,,190.3726515441159,179.6549881471342,162.53330418814966,,
40,1581033600.0,213.16000000,225.00000000,213.14000000,223.33000000,2020-02-07,203.77999999999997,,,196.36489671791298,183.81451308550237,164.91748833763398,,
41,1581120000.0,223.36000000,227.75000000,213.22000000,223.05000000,2020-02-08,210.45199999999994,,,201.21673367829243,187.5512261249783,167.1971946773346,,SOLD
42,1581206400.0,223.01000000,230.65000000,222.86000000,228.49000000,2020-02-09,218.36799999999994,,,206.17550937314832,191.45015697021847,169.60083410175287,,
43,1581292800.0,228.53000000,229.40000000,216.37000000,222.89000000,2020-02-10,222.1899999999999,,,209.21450766893952,194.44442773495956,171.69060531344886,SELL ORDER,
44,1581379200.0,222.89000000,239.15000000,218.17000000,236.69000000,2020-02-11,226.88999999999993,,,214.21005172913232,198.4678155697253,174.23960118350968,,
45,1581465600.0,236.69000000,275.34000000,236.69000000,265.74000000,2020-02-12,235.37199999999993,,,223.57913323292644,204.87469027737052,177.82785211748967,,
46,1581552000.0,265.74000000,277.69000000,256.08000000,268.32000000,2020-02-13,244.42599999999993,,,231.71383628148524,210.91710072714477,181.37656379915674,,
47,1581638400.0,268.34000000,287.15000000,260.28000000,285.15000000,2020-02-14,255.75799999999995,,,241.42950241212426,217.98690065789287,185.44611031683687,,
48,1581724800.0,285.11000000,288.41000000,261.86000000,264.88000000,2020-02-15,264.15599999999995,,,245.69322924628347,222.45291011904592,188.5611648142158,,SOLD
49,1581811200.0,264.91000000,274.00000000,237.41000000,258.85000000,2020-02-16,268.5879999999999,177.87759999999994,,248.0853693833228,225.91929963151773,191.31758972346225,SELL ORDER,
50,1581897600.0,258.89000000,268.77000000,242.00000000,267.85000000,2020-02-17,269.0099999999999,180.54739999999995,,251.678938586355,229.91269966661127,194.318860714699,,
51,1581984000.0,267.90000000,285.88000000,258.00000000,282.61000000,2020-02-18,271.8679999999999,183.56779999999995,,257.30276793429044,234.93149017455306,197.78125833373045,,
52,1582070400.0,282.64000000,285.00000000,251.56000000,258.45000000,2020-02-19,266.5279999999999,186.15359999999998,,257.51135558260125,237.17134825316705,200.16042467358415,,SOLD
53,1582156800.0,258.44000000,264.33000000,245.34000000,256.96000000,2020-02-20,264.94399999999985,188.67739999999995,,257.41110911303736,239.05598175286542,202.38785900011024,,
54,1582243200.0,256.97000000,268.24000000,253.61000000,265.27000000,2020-02-21,266.2279999999999,191.43899999999994,,258.83999836521235,241.5525549192592,204.8538253138314,,
55,1582329600.0,265.32000000,266.81000000,256.00000000,261.57000000,2020-02-22,264.97199999999987,193.98339999999993,,259.33636229881006,243.45897826028212,207.0779890270145,SELL ORDER,
56,1582416000.0,261.55000000,275.68000000,261.02000000,274.48000000,2020-02-23,263.34599999999983,196.7889999999999,,262.0897509717537,246.41336128311238,209.72120514360216,,
57,1582502400.0,274.50000000,277.20000000,257.09000000,265.52000000,2020-02-24,264.7599999999998,199.3919999999999,,262.713432613253,248.2330411609112,211.9093931771864,,SOLD
58,1582588800.0,265.47000000,266.22000000,244.44000000,246.67000000,2020-02-25,262.7019999999998,201.4423999999999,,259.7964448653888,248.08418009796728,213.27255422906143,,
59,1582675200.0,246.67000000,250.32000000,215.66000000,223.93000000,2020-02-26,254.43399999999983,203.06499999999994,,253.27527307168174,245.78378199339895,213.69049327890215,,
60,1582761600.0,223.98000000,238.30000000,210.00000000,227.79000000,2020-02-27,247.67799999999983,204.80639999999997,,248.64158705864867,244.07008847021808,214.24341511110208,BUY ORDER,
61,1582848000.0,227.73000000,234.67000000,214.01000000,226.76000000,2020-02-28,238.13399999999984,206.58679999999995,,244.6631166843489,242.42150861591162,214.7342615773334,,
62,1582934400.0,226.76000000,233.00000000,217.00000000,217.21000000,2020-02-29,228.47199999999984,208.03419999999994,,239.6716409235582,240.02041255725337,214.83134935861446,,
63,1583020800.0,217.29000000,227.89000000,212.36000000,217.81000000,2020-03-01,222.69999999999982,209.54279999999994,,235.69679711927486,237.90513517084827,214.9481591876884,,BOUGHT
64,1583107200.0,217.81000000,234.40000000,216.07000000,231.97000000,2020-03-02,224.30799999999982,211.25139999999993,,235.01919764304307,237.33988420219606,215.61568235679866,BUY ORDER,
65,1583193600.0,232.10000000,232.46000000,219.57000000,223.91000000,2020-03-03,223.53199999999984,212.85799999999992,,232.99934352612615,236.06084761151072,215.94094971535557,,
66,1583280000.0,223.84000000,228.85000000,220.23000000,224.26000000,2020-03-04,223.03199999999984,214.03039999999993,,231.41037197592138,234.93695736279543,216.26718698142005,,BOUGHT
67,1583366400.0,224.26000000,234.09000000,224.23000000,228.38000000,2020-03-05,225.2659999999998,215.26999999999992,,230.85939525302658,234.31248523300536,216.7421992566585,BUY ORDER,
68,1583452800.0,228.38000000,245.16000000,227.33000000,244.88000000,2020-03-06,230.67999999999984,216.88339999999994,,233.40859611611265,235.31891521081437,217.84564242306405,,BOUGHT
69,1583539200.0,244.93000000,251.93000000,236.00000000,237.23000000,2020-03-07,231.73199999999983,218.2309999999999,,234.10339682227396,235.5009232859749,218.6058133084341,SELL ORDER,
70,1583625600.0,237.23000000,237.23000000,195.50000000,199.43000000,2020-03-08,226.83599999999984,218.73679999999993,,227.79914285458779,232.0655972587392,217.853820629672,,SOLD
71,1583712000.0,199.43000000,208.62000000,190.00000000,202.81000000,2020-03-09,222.54599999999982,219.45719999999992,,223.2556623355718,229.27934990076403,217.26386687948877,BUY ORDER,
72,1583798400.0,202.79000000,206.20000000,195.54000000,200.70000000,2020-03-10,217.00999999999985,220.1337999999999,,219.1546328200133,226.55750705307224,216.61430347245002,,
73,1583884800.0,200.74000000,203.18000000,181.73000000,194.61000000,2020-03-11,206.95599999999985,220.63619999999992,,214.6919723072836,223.51488733373202,215.7513896107853,,
74,1583971200.0,194.61000000,195.55000000,101.20000000,107.82000000,2020-03-12,181.07399999999984,219.4311999999999,,195.2607046150502,212.49632663528135,211.51878609663686,,
75,1584057600.0,107.67000000,139.68000000,86.00000000,134.06000000,2020-03-13,167.99999999999983,218.85619999999992,,184.13330377595014,205.02620028906406,208.4811866418668,,BOUGHT
76,1584144000.0,134.06000000,134.68000000,120.00000000,122.54000000,2020-03-14,151.94599999999983,218.0561999999999,,172.93452127123192,197.17037169010558,205.11094402846027,,
77,1584230400.0,122.54000000,133.50000000,120.16000000,123.78000000,2020-03-15,136.5619999999998,217.32479999999993,,163.99733558555337,190.1808124815241,201.92149524303045,BUY ORDER,
78,1584316800.0,123.82000000,124.33000000,101.10000000,111.02000000,2020-03-16,119.8439999999998,216.18799999999993,,154.36509275181638,182.6416874832837,198.35673072369593,,
79,1584403200.0,111.02000000,120.80000000,109.38000000,115.67000000,2020-03-17,121.4139999999998,215.09979999999993,,147.32962134239523,176.2634315324948,195.1141138325706,,BOUGHT
80,1584489600.0,115.67000000,118.50000000,109.86000000,118.11000000,2020-03-18,118.22399999999979,213.94919999999993,,142.01696291650518,170.725009481781,192.0943446626659,BUY ORDER,
81,1584576000.0,118.11000000,143.13000000,115.46000000,136.30000000,2020-03-19,120.9759999999998,213.20079999999996,,140.97751511350424,167.44643715018282,189.90633114648293,,BOUGHT
82,1584662400.0,136.30000000,152.55000000,116.74000000,133.48000000,2020-03-20,122.9159999999998,212.17659999999992,,139.61433054741255,164.21153837397495,187.69353384662088,,
83,1584748800.0,133.49000000,137.49000000,125.69000000,132.66000000,2020-03-21,127.2439999999998,211.22999999999993,,138.34990681151936,161.2066299574059,185.53535604871416,,
84,1584835200.0,132.63000000,137.13000000,121.10000000,122.32000000,2020-03-22,128.5739999999998,210.00439999999992,,135.435378300334,157.5031413900339,183.05632247817636,,
85,1584921600.0,122.31000000,137.50000000,119.50000000,135.92000000,2020-03-23,132.1359999999998,208.9539999999999,,135.5234913366369,155.44760411479257,181.20783924373808,,
86,1585008000.0,135.89000000,143.36000000,132.20000000,138.42000000,2020-03-24,132.5599999999998,207.9285999999999,,136.05012927543018,153.82592753243136,179.5298847635915,,
87,1585094400.0,138.42000000,142.33000000,132.54000000,136.10000000,2020-03-25,133.0839999999998,206.8723999999999,,136.0591966798974,152.13774395791407,177.8267520277644,SELL ORDER,
88,1585180800.0,136.11000000,139.74000000,133.26000000,138.40000000,2020-03-26,134.2319999999998,205.56479999999988,,136.4847972835524,150.82938739049368,176.28060488942072,,
89,1585267200.0,138.40000000,141.27000000,129.68000000,131.33000000,2020-03-27,136.03399999999982,203.92759999999987,,135.5475614138156,148.97230287711332,174.51783607022776,,SOLD
90,1585353600.0,131.33000000,132.97000000,124.88000000,130.98000000,2020-03-28,135.04599999999985,202.08059999999986,,134.71709570221276,147.25875022215016,172.81046994982665,,
91,1585440000.0,130.94000000,131.84000000,123.81000000,124.50000000,2020-03-29,132.26199999999986,200.1095999999999,,132.85944193817406,145.09125020099302,170.91594171650013,,
92,1585526400.0,124.47000000,135.42000000,124.06000000,132.06000000,2020-03-30,131.45399999999984,198.18099999999987,,132.71408885850605,143.8501787532794,169.39217929624525,BUY ORDER,
93,1585612800.0,132.09000000,135.00000000,130.38000000,132.72000000,2020-03-31,130.31799999999984,196.3775999999999,,132.71516361150495,142.79016172915755,167.95405461796113,,BOUGHT
94,1585699200.0,132.72000000,136.99000000,128.62000000,135.69000000,2020-04-01,131.18999999999986,194.35759999999988,,133.25604295486767,142.11395585019017,166.68879757411952,,
95,1585785600.0,135.65000000,149.76000000,135.01000000,141.28000000,2020-04-02,133.24999999999983,191.8683999999999,,134.71494423580083,142.0345314835054,165.69237413984033,,
96,1585872000.0,141.27000000,146.72000000,137.26000000,141.31000000,2020-04-03,136.61199999999985,189.3281999999999,,135.91404528383703,141.9655284850763,164.73620260494462,,
97,1585958400.0,141.30000000,146.28000000,138.88000000,144.10000000,2020-04-04,139.01999999999984,186.5071999999999,,137.40240068677574,142.16881148649762,163.9269397576919,,
98,1586044800.0,144.10000000,145.58000000,140.68000000,142.68000000,2020-04-05,141.01199999999986,184.06319999999994,,138.36196419827104,142.2174961068312,163.09372643386087,SELL ORDER,
99,1586131200.0,142.69000000,172.00000000,142.60000000,171.32000000,2020-04-06,148.13799999999983,182.31259999999992,,144.35433434403993,144.98916314427586,163.41632539723886,,
100,1586217600.0,171.32000000,176.22000000,162.22000000,164.63000000,2020-04-07,152.80799999999982,180.24819999999988,,148.04081900875994,146.85971903529722,163.4639204797001,,SOLD
101,1586304000.0,164.62000000,174.48000000,163.59000000,173.11000000,2020-04-08,159.16799999999984,178.05819999999989,,152.59885191625813,149.35974579384035,163.84219810794715,,
102,1586390400.0,173.15000000,173.38000000,165.19000000,169.52000000,2020-04-09,164.25199999999984,176.27959999999987,,155.67542429512028,151.2797700039508,164.06485700567472,SELL ORDER,
103,1586476800.0,169.56000000,170.10000000,152.11000000,157.81000000,2020-04-10,167.27799999999985,174.2965999999999,,156.06352896873477,151.90169667024122,163.81956849564827,,SOLD
104,1586563200.0,157.81000000,161.37000000,153.91000000,158.33000000,2020-04-11,164.67999999999984,172.15779999999987,,156.475614610783,152.51391603498016,163.6042912997405,,
105,1586649600.0,158.33000000,164.78000000,155.00000000,158.59000000,2020-04-12,163.47199999999984,170.09819999999988,,156.86004831791337,153.09259069831538,163.40765242524088,,
106,1586736000.0,158.56000000,158.97000000,150.00000000,156.29000000,2020-04-13,160.10799999999983,167.7343999999999,,156.75640316920183,153.3971058699044,163.12852880072163,,
107,1586822400.0,156.28000000,161.85000000,155.23000000,158.45000000,2020-04-14,157.89399999999983,165.59299999999993,,157.0643298657106,153.87833388229447,162.94505708304627,,
108,1586908800.0,158.46000000,161.29000000,152.00000000,152.73000000,2020-04-15,156.87799999999984,163.71419999999992,,156.27626989012685,153.7689687506474,162.54446660920132,,
109,1586995200.0,152.74000000,174.79000000,148.33000000,172.29000000,2020-04-16,159.66999999999982,162.6813999999999,,159.18785718283104,155.53287648868098,162.92664438923265,,
110,1587081600.0,172.31000000,174.96000000,168.31000000,170.69000000,2020-04-17,162.0899999999998,161.53939999999994,,161.27915587686175,156.97641206118757,163.23108970730195,SELL ORDER,
111,1587168000.0,170.61000000,189.54000000,170.48000000,187.40000000,2020-04-18,168.3119999999998,160.75219999999993,,166.02840026288686,159.87389662678876,164.17889011093717,,
112,1587254400.0,187.40000000,188.35000000,175.75000000,180.03000000,2020-04-19,172.6279999999998,160.00859999999994,,168.57414566963467,161.79352551947557,164.80050226344946,,SOLD
113,1587340800.0,180.02000000,186.46000000,166.70000000,170.20000000,2020-04-20,176.1219999999998,159.05639999999994,,168.8697555478829,162.59414213666835,165.01224727272597,SELL ORDER,
114,1587427200.0,170.21000000,174.70000000,168.00000000,170.74000000,2020-04-21,175.8119999999998,157.83179999999993,,169.20979999372236,163.3699381236523,165.23686502673672,,
115,1587513600.0,170.73000000,184.00000000,169.78000000,182.70000000,2020-04-22,178.2139999999998,157.00759999999994,,171.66256363122739,165.21089639759018,165.92169384921763,,
116,1587600000.0,182.70000000,193.63000000,178.16000000,185.51000000,2020-04-23,177.8359999999998,156.23259999999993,,174.18027933464057,167.14414435972444,166.68986271787577,,
117,1587686400.0,185.57000000,189.80000000,184.72000000,187.59000000,2020-04-24,179.34799999999981,155.41679999999994,,176.61841036470594,169.09136870641734,167.50947594462573,,
118,1587772800.0,187.60000000,198.36000000,185.76000000,194.21000000,2020-04-25,184.1499999999998,154.40339999999992,,179.81688120748666,171.48361930580614,168.5565553193463,,
119,1587859200.0,194.21000000,200.00000000,192.30000000,197.38000000,2020-04-26,189.47799999999984,153.60639999999995,,183.01017553339818,173.94994127668176,169.6868864832935,,
120,1587945600.0,197.39000000,199.05000000,189.29000000,196.34000000,2020-04-27,192.20599999999982,153.54459999999995,,185.43377998187123,176.0823278217597,170.73210662120357,,SOLD
121,1588032000.0,196.33000000,198.50000000,192.36000000,196.24000000,2020-04-28,194.3519999999998,153.41319999999993,,187.39854725789465,178.00210612444926,171.73241616547008,SELL ORDER,
122,1588118400.0,196.24000000,218.77000000,196.22000000,215.36000000,2020-04-29,199.90599999999978,153.70639999999992,,192.48244775645924,181.56000077926362,173.44330180603987,,
123,1588204800.0,215.40000000,227.30000000,202.00000000,206.08000000,2020-04-30,202.2799999999998,153.93579999999992,,194.95472998255755,183.89523880028614,174.7231723234501,,SOLD
124,1588291200.0,206.07000000,217.14000000,205.91000000,212.02000000,2020-05-01,205.2079999999998,156.01979999999995,,198.05750634936527,186.57378748597316,176.18579301664812,,
125,1588377600.0,212.01000000,215.37000000,210.36000000,213.90000000,2020-05-02,208.71999999999986,157.61659999999992,,200.93795974038977,189.17628391588048,177.66478152579916,,
126,1588464000.0,213.89000000,219.30000000,203.92000000,209.86000000,2020-05-03,211.44399999999982,159.36299999999991,,202.5601488785007,191.14616163817757,178.92733911302273,SELL ORDER,
127,1588550400.0,209.86000000,210.65000000,194.88000000,206.48000000,2020-05-04,209.66799999999984,161.0169999999999,,203.27284908240966,192.6065271964464,180.00783561839438,,SOLD
128,1588636800.0,206.47000000,211.68000000,201.00000000,205.29000000,2020-05-05,209.50999999999985,162.90239999999991,,203.63960379469881,193.81447698726103,180.99929304512403,SELL ORDER,
129,1588723200.0,205.30000000,210.77000000,197.71000000,198.97000000,2020-05-06,206.89999999999986,164.56839999999988,,202.79058492293538,194.30547917895046,181.7040266511976,,SOLD
130,1588809600.0,198.92000000,215.10000000,196.43000000,212.00000000,2020-05-07,206.51999999999984,166.4461999999999,,204.4650240278562,195.99067163809804,182.89210403742516,,
131,1588896000.0,212.01000000,216.61000000,206.90000000,211.31000000,2020-05-08,206.80999999999986,167.9463999999999,,205.70956511370053,197.44965529161252,184.00653133007515,SELL ORDER,
132,1588982400.0,211.32000000,214.60000000,208.40000000,210.07000000,2020-05-09,207.52799999999985,169.4781999999999,,206.50237145666406,198.6515928828875,185.02862814066046,,SOLD
133,1589068800.0,210.09000000,210.18000000,179.59000000,187.54000000,2020-05-10,203.97799999999984,170.5757999999999,,203.0546675554524,197.59334594166012,185.12711331161495,,
134,1589155200.0,187.62000000,193.50000000,176.00000000,185.73000000,2020-05-11,201.32999999999984,171.8439999999999,,199.90472799991556,196.46350347102583,185.15075592684573,,
135,1589241600.0,185.80000000,192.24000000,185.48000000,189.76000000,2020-05-12,196.88199999999983,172.9207999999999,,198.0602319999309,195.82507456902337,185.3315105963812,BUY ORDER,
136,1589328000.0,189.77000000,201.00000000,188.35000000,199.58000000,2020-05-13,194.53599999999983,174.1439999999999,,198.3365534544889,196.18268651483066,185.8902748867192,,BOUGHT
137,1589414400.0,199.61000000,206.02000000,195.67000000,203.29000000,2020-05-14,193.17999999999984,175.4877999999999,,199.23718009912727,196.8595735134182,186.57261704802434,,
138,1589500800.0,203.29000000,204.08000000,191.66000000,194.86000000,2020-05-15,194.64399999999986,176.61699999999993,,198.4413291720132,196.66913794071172,186.89761245790575,,
139,1589587200.0,194.87000000,203.50000000,193.21000000,200.45000000,2020-05-16,197.58799999999988,177.99939999999995,,198.80654204982898,197.02922004159632,187.4290786360271,,
140,1589673600.0,200.44000000,209.85000000,199.68000000,207.00000000,2020-05-17,201.0359999999999,179.51979999999995,,200.2962616771328,197.97881813287287,188.19656574833976,,
141,1589760000.0,207.02000000,217.07000000,207.00000000,214.91000000,2020-05-18,204.1019999999999,181.32799999999995,,202.95330500856318,199.59131164402785,189.24415140526764,,
142,1589846400.0,214.92000000,215.95000000,209.45000000,214.58000000,2020-05-19,206.3599999999999,182.97839999999997,,205.0672495524608,201.01880577316808,190.23771409525713,SELL ORDER,
143,1589932800.0,214.60000000,215.75000000,204.27000000,209.98000000,2020-05-20,209.38399999999993,184.52359999999996,,205.96047690655882,201.87225284239017,191.0119213856392,,SOLD
144,1590019200.0,209.99000000,211.64000000,191.71000000,198.74000000,2020-05-21,209.04199999999992,185.78459999999995,,204.64766292354813,201.5739430478768,191.31498329208472,,
145,1590105600.0,198.72000000,209.19000000,196.24000000,207.36000000,2020-05-22,209.11399999999995,187.10619999999994,,205.14081511926662,202.12499609093618,191.9441996335716,,
146,1590192000.0,207.36000000,211.20000000,204.55000000,206.60000000,2020-05-23,207.4519999999999,188.41199999999998,,205.40612146121813,202.55118693941844,192.5189369028433,SELL ORDER,
147,1590278400.0,206.60000000,210.55000000,199.50000000,199.90000000,2020-05-24,204.5159999999999,189.52799999999996,,204.40500846826936,202.29869294518812,192.80839035763378,,SOLD
148,1590364800.0,199.90000000,205.67000000,198.01000000,204.15000000,2020-05-25,203.3499999999999,190.75739999999993,,204.35864329222036,202.47500790278926,193.25315936321678,BUY ORDER,
149,1590451200.0,204.22000000,205.00000000,196.90000000,200.89000000,2020-05-26,203.7799999999999,191.34879999999993,,203.72798087545303,202.32405476919027,193.55264330975731,,
150,1590537600.0,200.92000000,208.44000000,200.76000000,208.29000000,2020-05-27,203.96599999999987,192.22199999999998,,204.55743889809793,202.89224002926738,194.1305788662374,,BOUGHT
151,1590624000.0,208.29000000,220.50000000,204.67000000,220.21000000,2020-05-28,206.68799999999987,193.16399999999993,,207.40335909844373,204.54155050267047,195.15330126363986,,
152,1590710400.0,220.24000000,224.79000000,217.57000000,220.67000000,2020-05-29,210.84199999999987,194.18699999999993,,209.8154756259994,206.07759331193995,196.15395611604615,,
153,1590796800.0,220.63000000,247.00000000,218.80000000,243.66000000,2020-05-30,218.74399999999986,195.90399999999994,,215.96902551218133,209.65687013937426,198.0169382291424,,
154,1590883200.0,243.71000000,245.39000000,229.58000000,231.57000000,2020-05-31,224.87999999999982,197.36879999999994,,218.80556632814833,211.74383488800527,199.3327445730976,SELL ORDER,
155,1590969600.0,231.56000000,250.68000000,230.66000000,248.23000000,2020-06-01,232.86799999999985,199.16159999999994,,224.15546335939408,215.21870775581428,201.25028400160357,,
156,1591056000.0,248.23000000,253.80000000,225.00000000,237.71000000,2020-06-02,236.36799999999985,200.78999999999988,,226.61992456677694,217.36073558859388,202.68007678585442,,SOLD
157,1591142400.0,237.71000000,245.00000000,232.71000000,244.52000000,2020-06-03,241.13799999999983,202.5113999999999,,229.87448373645387,219.947332199204,204.32085808836996,,
158,1591228800.0,244.54000000,246.60000000,236.00000000,243.21000000,2020-06-04,241.04799999999983,204.32099999999988,,232.2991230570986,222.1628243707084,205.84592247706132,SELL ORDER,
159,1591315200.0,243.22000000,247.87000000,239.14000000,240.03000000,2020-06-05,242.73999999999984,205.67579999999987,,233.704737046717,223.86446014492662,207.1864745367844,,SOLD
160,1591401600.0,240.04000000,244.70000000,237.83000000,241.94000000,2020-06-06,241.48199999999983,207.10079999999988,,235.20205758367754,225.5859401311241,208.54935788828308,,
161,1591488000.0,241.94000000,245.37000000,234.60000000,244.56000000,2020-06-07,242.8519999999998,208.24399999999986,,236.90350165937252,227.39299345196943,209.96153993187983,,
162,1591574400.0,244.57000000,247.70000000,240.59000000,246.40000000,2020-06-08,243.22799999999984,209.57139999999984,,238.63013772130478,229.20318455178187,211.39049915023747,,
163,1591660800.0,246.37000000,249.82000000,238.00000000,243.80000000,2020-06-09,243.34599999999983,211.04339999999982,,239.57011268106754,230.59335745161218,212.66145996787523,SELL ORDER,
164,1591747200.0,243.79000000,250.28000000,242.00000000,247.78000000,2020-06-10,244.89599999999982,212.58419999999984,,241.062819466328,232.23018055145863,214.03865761619386,,
165,1591833600.0,247.78000000,250.09000000,226.20000000,230.51000000,2020-06-11,242.60999999999981,213.54039999999983,,239.1441250179047,232.06635383227209,214.68459261163724,,SOLD
166,1591920000.0,230.46000000,239.38000000,228.19000000,237.55000000,2020-06-12,241.2079999999998,214.5811999999998,,238.85428410555838,232.58860584824617,215.58127525431814,BUY ORDER,
167,1592006400.0,237.55000000,238.73000000,234.66000000,238.11000000,2020-06-13,239.5499999999998,215.59159999999983,,238.71895972272955,233.11445291031797,216.4647546561096,,BOUGHT
168,1592092800.0,238.13000000,238.59000000,229.83000000,231.77000000,2020-06-14,237.14399999999983,216.34279999999984,,237.45551250041507,232.98640977600195,217.06496035587,,
169,1592179200.0,231.74000000,233.55000000,218.27000000,230.86000000,2020-06-15,233.75999999999982,217.01239999999987,,236.2563284094305,232.78389455923988,217.60594230269865,,
170,1592265600.0,230.86000000,236.00000000,228.70000000,235.30000000,2020-06-16,234.7179999999998,217.79159999999985,,236.08245051680674,233.0235236488361,218.29982691827908,BUY ORDER,
171,1592352000.0,235.31000000,237.30000000,227.65000000,233.82000000,2020-06-17,233.9719999999998,218.54319999999984,,235.6710958773873,233.09937853942313,218.90846115677795,,
172,1592438400.0,233.82000000,234.65000000,227.93000000,231.27000000,2020-06-18,232.60399999999981,218.86139999999986,,234.87089662695325,232.925152011859,219.39322738592392,,
173,1592524800.0,231.26000000,231.95000000,226.74000000,229.00000000,2020-06-19,232.0499999999998,219.31979999999984,,233.80346087659808,232.55132801072958,219.76996356686809,,
174,1592611200.0,229.00000000,230.85000000,225.62000000,228.89000000,2020-06-20,231.65599999999978,219.65719999999982,,232.91010435358024,232.20263010494583,220.1276120544419,,
175,1592697600.0,228.88000000,231.49000000,227.11000000,228.04000000,2020-06-21,230.20399999999978,219.93999999999986,,232.02463083474746,231.80618914257002,220.43790177779712,,
176,1592784000.0,228.03000000,246.89000000,227.51000000,243.13000000,2020-06-22,232.06599999999975,220.60539999999983,,234.04378886479338,232.88464731946812,221.3277879825894,,BOUGHT
177,1592870400.0,243.11000000,244.87000000,240.75000000,243.14000000,2020-06-23,234.43999999999977,221.33859999999981,,235.69764543483092,233.86134757475685,222.18316884601728,,
178,1592956800.0,243.15000000,249.24000000,231.07000000,234.58000000,2020-06-24,235.55599999999976,221.9243999999998,,235.49443717395255,233.92979066287526,222.66931908734992,,
179,1593043200.0,234.57000000,235.39000000,227.56000000,232.50000000,2020-06-25,236.2779999999998,222.59499999999983,,234.9499940514157,233.7936201235538,223.05483598588523,,
180,1593129600.0,232.49000000,233.61000000,227.75000000,229.64000000,2020-06-26,236.5979999999998,222.9477999999998,,233.9845405875219,233.39803725464392,223.31307771192894,,
181,1593216000.0,229.66000000,231.42000000,216.00000000,220.94000000,2020-06-27,232.15999999999977,223.14039999999983,,231.6128059352452,232.2115575161064,223.2200158408729,,
182,1593302400.0,220.94000000,227.96000000,218.32000000,224.93000000,2020-06-28,228.51799999999974,223.43759999999983,,230.39775031065517,231.5180758479058,223.2870740431916,BUY ORDER,
183,1593388800.0,224.89000000,229.96000000,221.26000000,227.93000000,2020-06-29,227.1879999999998,224.24539999999982,,229.94906843599057,231.17635433858146,223.4691495709096,,BOUGHT
184,1593475200.0,227.98000000,228.70000000,222.91000000,225.60000000,2020-06-30,225.80799999999977,225.04279999999983,,229.15832872035588,230.64527297300228,223.55271233283472,,
185,1593561600.0,225.59000000,232.71000000,224.16000000,230.99000000,2020-07-01,226.0779999999998,225.86739999999983,,229.49135986210933,230.67810411843064,223.84437067272356,,
186,1593648000.0,230.99000000,232.01000000,222.87000000,226.46000000,2020-07-02,227.1819999999998,226.40499999999983,,228.940203523544,230.27637991667535,223.94694437183244,,
187,1593734400.0,226.46000000,228.13000000,223.97000000,224.87000000,2020-07-03,227.16999999999976,226.8365999999998,,228.2001665192633,229.7614865912777,223.9831426317606,,
188,1593820800.0,224.86000000,230.71000000,224.43000000,229.17000000,2020-07-04,227.41799999999975,227.52279999999982,,228.37649987939722,229.70515453496552,224.1865488030641,,
189,1593907200.0,229.24000000,229.85000000,223.05000000,227.56000000,2020-07-05,227.80999999999977,228.06499999999977,,228.22804535587045,229.50085410306406,224.31884100686554,,
190,1593993600.0,227.54000000,242.00000000,226.93000000,241.60000000,2020-07-06,229.93199999999973,228.75699999999978,,230.65930983662128,230.65315371229605,224.99653351640023,,
191,1594080000.0,241.60000000,243.77000000,234.40000000,239.39000000,2020-07-07,232.51799999999974,229.24659999999977,,232.24670804814468,231.485234311125,225.56098318242374,SELL ORDER,
192,1594166400.0,239.39000000,248.88000000,237.78000000,246.95000000,2020-07-08,236.93399999999974,229.8939999999998,,234.92003385757292,232.95806913863692,226.39976815566203,,
193,1594252800.0,246.94000000,247.90000000,237.88000000,241.98000000,2020-07-09,239.49599999999973,230.5339999999998,,236.20366406528692,233.8173006492429,227.01075763975373,,SOLD
194,1594339200.0,241.97000000,242.16000000,235.72000000,241.26000000,2020-07-10,242.23599999999973,231.3843999999998,,237.1229978715984,234.5261291588388,227.56955145780262,SELL ORDER,
195,1594425600.0,241.27000000,241.67000000,237.54000000,239.19000000,2020-07-11,241.75399999999976,232.02099999999982,,237.49881644039868,234.9703073341875,228.02525532220253,,SOLD
196,1594512000.0,239.19000000,244.00000000,236.52000000,242.79000000,2020-07-12,242.43399999999974,232.74479999999983,,238.4608498148716,235.71503996902678,228.6042649174103,,
197,1594598400.0,242.76000000,245.33000000,237.33000000,239.50000000,2020-07-13,240.94399999999973,233.53679999999983,,238.64978621216767,236.07551235292897,229.03154864613933,SELL ORDER,
198,1594684800.0,239.50000000,242.09000000,237.00000000,240.44000000,2020-07-14,240.63599999999974,234.26259999999985,,238.97527962813717,236.49117784312622,229.47893889531034,,
199,1594771200.0,240.45000000,241.45000000,236.83000000,238.61000000,2020-07-15,240.1059999999997,235.01699999999985,196.6390000000001,238.90886515029405,236.69297042949518,229.83701972294523,,SOLD
200,1594857600.0,238.59000000,239.39000000,230.02000000,233.57000000,2020-07-16,238.9819999999997,235.52259999999984,197.1350500000001,237.93816239569512,236.39554467430517,229.98341110635914,,
201,1594944000.0,233.58000000,234.84000000,231.65000000,232.67000000,2020-07-17,236.9579999999997,235.77179999999987,197.6404500000001,236.9803146873869,236.04073089579992,230.08876753356074,,
202,1595030400.0,232.66000000,236.80000000,232.32000000,235.67000000,2020-07-18,236.19199999999972,236.07179999999985,198.17300000000006,236.74207565331653,236.005423191438,230.30763939498974,BUY ORDER,
203,1595116800.0,235.67000000,239.92000000,233.28000000,239.11000000,2020-07-19,235.92599999999976,235.98079999999987,198.71470000000008,237.1726073527135,236.30109717320582,230.65283000695092,,BOUGHT
204,1595203200.0,239.12000000,239.72000000,234.05000000,236.01000000,2020-07-20,235.40599999999978,236.0695999999999,199.2588000000001,236.96122419767465,236.2733736329005,230.86291510471756,,
205,1595289600.0,236.00000000,246.66000000,235.57000000,245.59000000,2020-07-21,237.80999999999977,236.0167999999999,199.81500000000008,238.53009252537015,237.16067138214808,231.44044784570903,,
206,1595376000.0,245.53000000,269.61000000,241.51000000,263.74000000,2020-07-22,244.02399999999975,236.5373999999999,200.46270000000007,243.11371206621192,239.6920360124197,232.70709694979888,,
207,1595462400.0,263.75000000,279.98000000,259.70000000,275.30000000,2020-07-23,251.94999999999973,237.15299999999988,201.1623500000001,248.96576441780974,243.08327067790353,234.3774068733362,,
208,1595548800.0,275.31000000,287.34000000,266.00000000,279.15000000,2020-07-24,259.95799999999974,237.8717999999999,201.83735000000007,254.45380725093523,246.51819728000797,236.13319483908774,,
209,1595635200.0,279.15000000,308.94000000,279.09000000,305.26000000,2020-07-25,273.8079999999997,239.1763999999999,202.64965000000007,263.6912968416743,252.11265468191195,238.84404994343723,,
210,1595721600.0,305.31000000,318.75000000,299.00000000,311.00000000,2020-07-26,286.88999999999976,240.55759999999987,203.50105000000008,272.29287923409714,257.72097328363463,241.67369504369458,,
211,1595808000.0,311.02000000,333.31000000,310.78000000,321.93000000,2020-07-27,298.52799999999974,242.1049999999999,204.42200000000008,281.31781028244313,263.83611868519324,244.82100112041243,,
212,1595894400.0,321.95000000,326.80000000,305.86000000,316.77000000,2020-07-28,306.8219999999998,243.5123999999999,205.28165000000007,287.76366295836254,268.8774407151748,247.6425304882394,SELL ORDER,
213,1595980800.0,316.77000000,325.00000000,312.38000000,317.71000000,2020-07-29,314.53399999999976,244.99059999999992,206.15830000000008,293.2084515113875,273.5281606470629,250.3902743906614,,
214,1596067200.0,317.76000000,342.00000000,314.05000000,334.87000000,2020-07-30,320.45599999999973,246.7323999999999,207.0999500000001,300.78327850931703,279.3702405854379,253.7032048067139,,
215,1596153600.0,334.82000000,349.45000000,328.40000000,346.33000000,2020-07-31,327.5219999999997,249.04879999999991,208.1137000000001,309.0645005985321,285.7473605296819,257.33562814762706,,
216,1596240000.0,346.32000000,392.67000000,343.07000000,387.00000000,2020-08-01,340.5359999999997,252.03779999999992,209.2205000000001,323.23459139879895,295.39046905066454,262.4205054751711,,
217,1596326400.0,387.01000000,415.85000000,325.00000000,372.42000000,2020-08-02,351.6659999999997,254.7239999999999,210.25060000000008,332.1773929626537,302.72661485536315,266.7342111428115,,SOLD
218,1596412800.0,372.45000000,398.00000000,366.50000000,385.94000000,2020-08-03,365.3119999999997,257.8073999999999,211.3592500000001,341.95241242398936,310.65169915485234,271.4089479607405,,
219,1596499200.0,385.91000000,402.98000000,380.77000000,389.61000000,2020-08-04,376.25999999999976,260.9823999999999,212.4580500000001,350.6174283469004,318.1715373305807,276.04428333482906,,
220,1596585600.0,389.59000000,407.00000000,384.11000000,400.72000000,2020-08-05,387.13799999999975,264.29079999999993,213.59095000000013,359.7269868292821,326.0332956800492,280.93352712562006,,
221,1596672000.0,400.72000000,403.66000000,390.51000000,394.77000000,2020-08-06,388.6919999999997,267.5097999999999,214.7308500000001,366.0984437694126,332.57964847242545,285.39770253245854,SELL ORDER,
222,1596758400.0,394.77000000,398.26000000,362.85000000,379.34000000,2020-08-07,390.07599999999974,270.4711999999999,215.79320000000007,368.50599944770124,337.03301528457536,289.0817141978523,,SOLD
223,1596844800.0,379.34000000,397.05000000,375.79000000,397.03000000,2020-08-08,392.29399999999976,273.83179999999993,216.93090000000007,373.692181366301,342.74701382890146,293.3149803077404,,
224,1596931200.0,397.05000000,400.00000000,383.36000000,390.14000000,2020-08-09,392.39999999999975,277.05679999999995,218.04125000000008,376.6826938451553,347.2606315594823,297.1120399035153,SELL ORDER,
225,1597017600.0,390.14000000,399.18000000,385.13000000,395.44000000,2020-08-10,391.3439999999997,280.4047999999999,219.2044000000001,380.0931131460361,351.8491428395316,300.9680383386716,,
226,1597104000.0,395.43000000,398.21000000,367.00000000,379.00000000,2020-08-11,388.1899999999997,283.12219999999996,220.28670000000008,379.8943653013023,354.4349387595762,304.02811526656683,,SOLD
227,1597190400.0,378.99000000,389.23000000,365.85000000,387.18000000,2020-08-12,389.7579999999997,286.00299999999993,221.4208500000001,381.219026155611,357.5535160205689,307.2889734914074,,
228,1597276800.0,387.18000000,431.49000000,376.59000000,424.54000000,2020-08-13,395.2599999999997,289.80219999999997,222.70425000000012,389.0955668545908,363.93318116146713,311.8870529623326,,
229,1597363200.0,424.54000000,444.71000000,417.05000000,438.11000000,2020-08-14,404.8539999999997,293.9144,224.0444000000001,398.0072819719379,370.9976400984703,316.83697245400583,,
230,1597449600.0,438.12000000,442.94000000,427.02000000,432.32000000,2020-08-15,412.22999999999973,297.968,225.3278000000001,404.2459579770401,376.83786485099694,321.3657186322801,SELL ORDER,
231,1597536000.0,432.30000000,436.99000000,412.47000000,433.62000000,2020-08-16,423.1539999999997,302.2216,226.6273000000001,409.5866928903056,382.24568724614005,325.76784731336716,,
232,1597622400.0,433.61000000,446.00000000,420.37000000,430.89000000,2020-08-17,431.89599999999973,306.3408,227.8583000000001,413.4600214557046,386.87847893698387,329.89028467362726,,SOLD
233,1597708800.0,430.89000000,433.81000000,415.00000000,421.95000000,2020-08-18,431.3779999999997,310.2212,229.06810000000007,415.0036539183037,390.2186238001283,333.500469588387,SELL ORDER,
234,1597795200.0,421.92000000,426.75000000,393.25000000,407.46000000,2020-08-19,425.2479999999997,313.85839999999996,230.18740000000008,413.63208047861207,391.8606596286875,336.4008433300189,,SOLD
235,1597881600.0,407.46000000,418.98000000,402.07000000,415.94000000,2020-08-20,421.97199999999964,317.5574,231.3249000000001,414.0517022097735,394.1539301402411,339.520025944528,,
236,1597968000.0,415.94000000,418.68000000,385.10000000,387.97000000,2020-08-21,412.84199999999964,320.7876,232.31630000000007,409.30957453526923,393.5649844125991,341.42002492709554,,
237,1598054400.0,387.93000000,397.04000000,379.92000000,395.24000000,2020-08-22,405.71199999999965,324.19499999999994,233.34795000000005,406.75147007431116,393.72450970663726,343.5306121848565,BUY ORDER,
238,1598140800.0,395.23000000,396.95000000,383.15000000,390.71000000,2020-08-23,399.4639999999996,327.4258,234.28260000000006,403.83483915170905,393.43741354410037,345.3807842560386,,
239,1598227200.0,390.72000000,410.42000000,387.44000000,407.68000000,2020-08-24,399.50799999999964,331.0281999999999,235.25505000000004,404.53395930594377,394.79385034942413,347.8238907558018,,BOUGHT
240,1598313600.0,407.68000000,409.06000000,370.00000000,382.93000000,2020-08-25,392.9059999999996,333.85479999999995,236.05305000000004,400.6059667048631,393.66395983995517,349.20060092224094,,
241,1598400000.0,382.91000000,392.91000000,377.37000000,385.81000000,2020-08-26,392.4739999999996,336.7832,236.86685,397.9157909403425,392.91596366472135,350.63626363117265,BUY ORDER,
242,1598486400.0,385.81000000,397.10000000,371.48000000,383.27000000,2020-08-27,390.07999999999953,339.5096,237.64075,395.2529198602802,391.9973004585574,351.9160179985776,,
243,1598572800.0,383.31000000,398.00000000,379.75000000,395.11000000,2020-08-28,390.95999999999947,342.5722,238.50185000000002,395.2269344311384,392.29374803393284,353.6098996456922,,BOUGHT
244,1598659200.0,395.10000000,405.69000000,391.88000000,398.65000000,2020-08-29,389.1539999999995,345.7200000000001,239.31165000000001,395.8493099891132,392.8991053640344,355.3761780909592,,
245,1598745600.0,398.65000000,429.89000000,398.30000000,428.94000000,2020-08-30,398.3559999999994,349.5150000000001,240.12765000000002,401.8657990820017,396.3315715198407,358.261033852098,,
246,1598832000.0,428.94000000,439.00000000,418.04000000,433.79000000,2020-08-31,407.9519999999995,353.3350000000001,240.95500000000004,407.6701992489104,399.8990408989035,361.22295409319224,,
247,1598918400.0,433.80000000,488.84000000,429.03000000,475.40000000,2020-09-01,426.37799999999953,358.0530000000001,241.90625000000003,419.98470847638123,407.08960843234127,365.70048530522394,,
248,1599004800.0,475.40000000,481.39000000,420.00000000,439.50000000,2020-09-02,435.2559999999995,362.0342000000001,242.77935000000005,423.5329432988574,410.1763123911659,368.59458392070536,SELL ORDER,
249,1599091200.0,439.50000000,450.70000000,372.00000000,381.40000000,2020-09-03,431.8059999999995,364.89000000000016,243.39210000000006,415.87240815361054,407.43571121105487,369.0967571002855,,SOLD
250,1599177600.0,381.35000000,400.21000000,357.00000000,385.26000000,2020-09-04,423.0699999999994,367.92380000000014,243.9791500000001,410.30651576204497,405.3237387147639,369.73060976301946,BUY ORDER,
251,1599264000.0,385.30000000,395.00000000,308.42000000,335.01000000,2020-09-05,403.3139999999994,369.9706000000001,244.2411500000001,396.61624016894586,398.6271921705007,368.3690172232932,,
252,1599350400.0,335.04000000,360.00000000,316.10000000,352.80000000,2020-09-06,378.7939999999994,372.31320000000017,244.7129000000001,388.64965104731937,394.2626976780721,367.7584675282621,,BOUGHT
253,1599436800.0,352.85000000,358.51000000,323.00000000,353.59000000,2020-09-07,361.61199999999945,374.6028000000001,245.1960500000001,382.27516903871583,390.3891074230176,367.2028413506832,BUY ORDER,
254,1599523200.0,353.59000000,356.58000000,325.38000000,337.39000000,2020-09-08,352.8099999999994,376.6304000000002,245.5566500000001,374.1142292134947,385.34157338273025,366.0337103173231,,
255,1599609600.0,337.41000000,359.00000000,330.51000000,350.85000000,2020-09-09,345.9279999999994,378.73560000000015,246.00305000000012,369.88436935649565,382.056661631994,365.43827069703593,,BOUGHT
256,1599696000.0,350.85000000,377.25000000,349.91000000,367.93000000,2020-09-10,352.5119999999994,380.8194000000001,246.4703000000001,369.5290294734964,380.7112652860898,365.53598557166197,BUY ORDER,
257,1599782400.0,367.93000000,375.27000000,355.49000000,373.63000000,2020-09-11,356.6779999999994,382.7860000000001,247.0108500000001,370.27466047831524,380.036859068367,365.853397902185,,BOUGHT
258,1599868800.0,373.62000000,388.57000000,364.73000000,387.78000000,2020-09-12,363.5159999999994,384.9586000000001,247.7164000000001,373.4574494822579,380.77430106185585,366.71326465111895,,
259,1599955200.0,387.78000000,390.43000000,350.00000000,366.42000000,2020-09-13,369.3219999999994,386.18180000000007,248.4288500000001,372.17791321275644,379.40722477025054,366.70176407656527,,
260,1600041600.0,366.43000000,384.64000000,355.73000000,377.12000000,2020-09-14,374.5759999999994,387.5042000000001,249.1755000000001,373.0764744468007,379.1893938397505,367.11032234807254,,
261,1600128000.0,377.12000000,382.47000000,362.34000000,364.06000000,2020-09-15,373.80199999999934,388.3468000000001,249.86200000000008,371.4371154564733,377.74849918834565,366.9907018638344,,
262,1600214400.0,364.05000000,373.45000000,355.00000000,365.11000000,2020-09-16,372.09799999999933,389.31360000000006,250.6015000000001,370.28673082802356,376.5448325989794,366.9169488495664,BUY ORDER,
263,1600300800.0,365.04000000,394.14000000,363.30000000,389.36000000,2020-09-17,372.41399999999936,390.7466000000001,251.4592500000001,373.7545979502011,377.7653247324099,367.79706850252455,,BOUGHT
264,1600387200.0,389.35000000,392.58000000,375.33000000,384.39000000,2020-09-18,376.00799999999936,391.73700000000014,252.2213500000001,375.6883074138009,378.3962461864661,368.44777169850397,SELL ORDER,
265,1600473600.0,384.40000000,388.72000000,377.00000000,385.25000000,2020-09-19,377.6339999999994,392.51540000000006,253.02805000000006,377.426796974928,379.0489846448979,369.1066826122882,,
266,1600560000.0,385.25000000,385.45000000,365.00000000,371.04000000,2020-09-20,379.0299999999994,392.1962000000001,253.76195000000007,376.26556116130473,378.2862242025267,369.18249898043376,,SOLD
267,1600646400.0,371.04000000,376.80000000,331.00000000,340.36000000,2020-09-21,374.07999999999936,391.5550000000001,254.3218500000001,369.7372773137948,374.6742028499051,368.05220490276974,,
268,1600732800.0,340.31000000,346.91000000,335.34000000,344.21000000,2020-09-22,365.0499999999994,390.72040000000015,254.81850000000009,365.09595416583204,371.77285019753316,367.11721647521017,BUY ORDER,
269,1600819200.0,344.18000000,344.65000000,313.29000000,320.72000000,2020-09-23,352.31599999999935,389.3426000000002,255.2359500000001,357.0275988629535,366.9106739882443,365.29771778990784,,
270,1600905600.0,320.72000000,353.10000000,316.67000000,348.97000000,2020-09-24,345.0599999999993,388.30760000000015,255.9836500000001,355.562580887871,365.2020383703163,364.6574151314801,,BOUGHT
271,1600992000.0,348.97000000,358.00000000,337.58000000,351.92000000,2020-09-25,341.2359999999993,387.4506000000001,256.7292000000001,354.9002934537126,363.9370823350481,364.1579086557358,BUY ORDER,
272,1601078400.0,351.93000000,356.40000000,345.88000000,353.92000000,2020-09-26,343.9479999999993,386.94220000000007,257.4953000000001,354.7220582803103,362.98307449361494,363.7564220417854,,BOUGHT
273,1601164800.0,353.95000000,362.14000000,347.24000000,357.49000000,2020-09-27,346.60399999999936,386.15140000000014,258.3097000000001,355.22532041116295,362.4599245418421,363.5106800009311,,
274,1601251200.0,357.58000000,368.20000000,351.70000000,353.96000000,2020-09-28,353.2519999999994,385.42780000000016,259.5404000000001,354.99526215458786,361.6504079188095,363.13614353030636,,
275,1601337600.0,353.91000000,360.63000000,350.45000000,359.79000000,2020-09-29,355.41599999999937,384.7148000000002,260.6690500000001,355.86703267193553,361.47322621225624,363.0049222153924,,
276,1601424000.0,359.78000000,361.50000000,351.56000000,359.83000000,2020-09-30,356.9979999999994,384.3314000000002,261.8555000000001,356.5875721861291,361.31672847775565,362.88041546184763,,
277,1601510400.0,359.83000000,370.45000000,345.51000000,352.85000000,2020-10-01,356.78399999999937,383.6448000000002,263.0008500000001,355.9080136068328,360.51037338463607,362.4870658358928,,
278,1601596800.0,352.83000000,354.55000000,334.24000000,345.60000000,2020-10-02,354.4059999999994,382.06600000000014,264.1737500000001,354.0338293146814,359.09033782419453,361.82482795997544,,
279,1601683200.0,345.60000000,351.00000000,343.70000000,345.95000000,2020-10-03,352.80399999999935,380.2228000000001,265.3251500000001,352.56404216655744,357.8388770790332,361.2022856870352,BUY ORDER,
280,1601769600.0,345.94000000,354.45000000,343.81000000,352.37000000,2020-10-04,351.31999999999937,378.62380000000013,266.4964500000001,352.5287617726379,357.3180316429348,360.8559215424456,,BOUGHT
281,1601856000.0,352.34000000,356.10000000,348.54000000,353.62000000,2020-10-05,350.07799999999935,377.0238000000001,267.5830500000001,352.72716872306734,356.9658381531315,360.57215991333015,,
282,1601942400.0,353.63000000,355.10000000,336.80000000,340.75000000,2020-10-06,347.65799999999933,375.2210000000001,268.6194000000001,350.54950168250963,355.42147261473804,359.79482030888585,,
283,1602028800.0,340.80000000,342.85000000,332.18000000,341.58000000,2020-10-07,346.85399999999936,373.61360000000013,269.6640000000001,348.9186831947806,354.10323712762016,359.080513630106,BUY ORDER,
284,1602115200.0,341.58000000,353.32000000,334.21000000,350.95000000,2020-10-08,347.8539999999993,372.4834000000002,270.8071500000001,349.2880135230023,353.8029288297515,358.7616699583371,,BOUGHT
285,1602201600.0,350.94000000,368.33000000,347.32000000,365.02000000,2020-10-09,350.3839999999993,371.4650000000002,271.95265000000006,352.1483747006382,354.87122132215615,359.0070946658533,,
286,1602288000.0,365.01000000,378.40000000,364.71000000,370.52000000,2020-10-10,353.7639999999993,371.1160000000002,273.1131500000001,355.4886702096131,356.3615811962365,359.4585811495453,,
287,1602374400.0,370.51000000,377.60000000,368.87000000,374.16000000,2020-10-11,360.4459999999993,370.69440000000014,274.3034500000001,358.88345744422884,358.05666870135684,360.03510737897494,,
288,1602460800.0,374.17000000,394.80000000,365.58000000,386.51000000,2020-10-12,369.4319999999992,370.61040000000014,275.5440000000001,363.9064651816418,360.7665097774181,361.0733384621524,,
289,1602547200.0,386.51000000,387.75000000,374.51000000,381.04000000,2020-10-13,375.44999999999925,370.0776000000002,276.79255000000006,367.0216533304342,362.69731837004497,361.85634479696995,SELL ORDER,
290,1602633600.0,381.05000000,387.41000000,373.13000000,378.69000000,2020-10-14,378.1839999999992,369.99280000000016,278.0311000000001,369.1431709067189,364.2204309062312,362.5164881382653,,SOLD
291,1602720000.0,378.69000000,381.79000000,369.85000000,377.64000000,2020-10-15,379.60799999999915,369.8294000000001,279.2968000000001,370.68804892367905,365.4984851056377,363.10956703480394,SELL ORDER,
292,1602806400.0,377.63000000,379.83000000,361.18000000,365.50000000,2020-10-16,377.8759999999992,369.4740000000001,280.4640000000001,369.7447673011919,365.49862938129127,363.2033095040273,,SOLD
293,1602892800.0,365.50000000,370.46000000,363.36000000,368.32000000,2020-10-17,374.23799999999915,368.93820000000005,281.64200000000005,369.4857187009752,365.7673313449778,363.4039640332811,BUY ORDER,
294,1602979200.0,368.31000000,378.64000000,367.10000000,378.11000000,2020-10-18,373.65199999999913,368.52740000000006,282.8541000000001,371.0537698462524,366.94282359783705,363.9806713260936,,BOUGHT
295,1603065600.0,378.12000000,384.32000000,372.50000000,379.30000000,2020-10-19,373.77399999999915,367.53460000000007,284.0442000000001,372.553084419661,368.11969754090023,364.58142931330565,,
296,1603152000.0,379.30000000,380.73000000,365.27000000,368.52000000,2020-10-20,371.9499999999992,366.22920000000005,285.1802500000001,371.819796343359,368.157821584624,364.73588306572503,,
297,1603238400.0,368.53000000,401.49000000,367.74000000,390.38000000,2020-10-21,376.9259999999992,364.52880000000005,286.41165000000007,375.1943788263846,370.2742195289455,365.7415347102064,,
298,1603324800.0,390.31000000,420.73000000,390.21000000,413.98000000,2020-10-22,386.0579999999992,364.01840000000004,287.7681500000001,382.24630994886013,374.43667481190306,367.6332392313748,,
299,1603411200.0,413.94000000,419.33000000,401.30000000,409.11000000,2020-10-23,392.2579999999992,364.5726,288.9571000000001,387.13061723088555,377.7388962583885,369.2597788693601,SELL ORDER,
300,1603497600.0,409.19000000,416.66000000,407.00000000,412.14000000,2020-10-24,398.82599999999917,365.1102,290.19465000000014,391.67777773436086,381.0151918528277,370.9413561686009,,
301,1603584000.0,412.14000000,417.40000000,402.50000000,405.86000000,2020-10-25,406.29399999999913,366.5272000000001,291.35840000000013,394.2563636008407,383.3813640573203,372.31071475022446,,SOLD
302,1603670400.0,405.85000000,411.11000000,382.30000000,392.52000000,2020-10-26,406.7219999999991,367.3216000000001,292.4734000000001,393.94066112796054,384.2517103375755,373.1032357404117,,
303,1603756800.0,392.52000000,410.25000000,389.90000000,403.45000000,2020-10-27,404.6159999999991,368.3188000000001,293.7016000000001,395.6696318319677,386.08011887685404,374.29330492706225,,
304,1603843200.0,403.41000000,409.20000000,380.52000000,388.23000000,2020-10-28,400.43999999999903,369.3356000000001,294.8511000000001,394.3169714988826,386.2848694600108,374.8398419887461,,
305,1603929600.0,388.22000000,393.72000000,380.52000000,387.13000000,2020-10-29,395.4379999999991,370.06120000000016,295.99380000000014,393.0102494081766,386.36535808286686,375.3218089695796,,
306,1604016000.0,387.12000000,391.97000000,373.29000000,382.49000000,2020-10-30,390.7639999999991,370.3524000000002,297.1248000000001,391.0974767885081,385.9962763606891,375.60291450018434,,
307,1604102400.0,382.59000000,394.88000000,379.90000000,386.46000000,2020-10-31,389.5519999999991,370.60900000000015,298.26485000000014,390.2542991905975,386.04044051681393,376.02868255900063,BUY ORDER,
308,1604188800.0,386.44000000,398.29000000,384.61000000,396.67000000,2020-11-01,388.1959999999991,370.78680000000014,299.48455000000007,391.4207902468525,387.05277951521265,376.83814598805947,,BOUGHT
309,1604275200.0,396.68000000,404.50000000,377.92000000,383.02000000,2020-11-02,387.1539999999991,371.1188000000002,300.5382000000001,389.89337383833384,386.66870527566863,377.0805716355865,,
310,1604361600.0,383.01000000,390.00000000,370.23000000,387.88000000,2020-11-03,387.30399999999906,371.33400000000023,301.62415000000004,389.5273058677277,386.78406667798595,377.5040786302694,BUY ORDER,
311,1604448000.0,387.88000000,408.39000000,376.47000000,402.49000000,2020-11-04,391.3039999999991,372.1026000000002,302.69960000000003,391.88415934632263,388.2798698515111,378.48391868398437,,BOUGHT
312,1604534400.0,402.50000000,420.40000000,396.14000000,416.69000000,2020-11-05,397.3499999999991,373.1342000000002,303.88290000000006,396.39431219244574,390.98559653231956,379.98219638265164,,
313,1604620800.0,416.73000000,458.27000000,414.76000000,455.91000000,2020-11-06,409.19799999999907,374.4652000000002,305.3114500000001,407.21534633927376,397.1688730530511,382.9597573088222,,
314,1604707200.0,455.91000000,468.28000000,424.14000000,435.21000000,2020-11-07,419.63599999999906,375.4816000000002,306.63380000000006,412.3052833684967,400.7918375241891,385.0087864339664,SELL ORDER,
315,1604793600.0,435.20000000,460.10000000,431.99000000,454.30000000,2020-11-08,432.91999999999905,376.86260000000016,307.9918000000001,419.9406863924064,405.8878529980758,387.726088926752,,
316,1604880000.0,454.29000000,459.10000000,433.09000000,444.32000000,2020-11-09,441.28599999999915,378.32820000000015,309.2858500000001,424.37328886651426,409.54805747444954,389.945457988448,,SOLD
317,1604966400.0,444.32000000,455.00000000,438.70000000,450.34000000,2020-11-10,448.01599999999917,380.5278000000001,310.5996000000001,429.09450907260253,413.43300438164476,392.3138714006658,,
318,1605052800.0,450.34000000,476.25000000,449.28000000,463.09000000,2020-11-11,449.4519999999992,382.90540000000016,311.9440000000001,435.2755074230384,418.1622420595833,395.08940585554166,,
319,1605139200.0,463.09000000,470.00000000,451.20000000,462.39000000,2020-11-12,454.8879999999992,385.73880000000014,313.2690500000001,440.2054151643041,422.37440948248013,397.72864484159885,SELL ORDER,
320,1605225600.0,462.48000000,478.01000000,457.12000000,476.43000000,2020-11-13,459.3139999999991,388.2880000000001,314.66950000000014,446.7917033162488,427.52256096033915,400.8149724948695,,
321,1605312000.0,476.42000000,477.47000000,452.00000000,460.89000000,2020-11-14,462.6279999999991,390.4674000000001,315.9927500000001,449.35502998602175,430.7004122974497,403.17085592644327,,SOLD
322,1605398400.0,460.90000000,462.89000000,440.19000000,448.08000000,2020-11-15,462.175999999999,392.3506000000002,317.15635000000015,449.12320635219953,432.355611126264,404.93199883128864,,
323,1605484800.0,448.07000000,466.00000000,445.45000000,460.55000000,2020-11-16,461.66799999999904,394.41180000000014,318.42870000000016,451.20080519725417,435.0407910190008,407.11309691633613,,
324,1605571200.0,460.51000000,484.88000000,459.80000000,482.15000000,2020-11-17,465.6199999999991,396.9756000000002,319.77935000000014,456.8279315250261,439.5273823505245,410.05572056667586,,
325,1605657600.0,482.11000000,495.31000000,456.60000000,478.41000000,2020-11-18,466.01599999999905,399.3480000000002,321.10190000000017,460.75194397502133,443.23048879333163,412.7362805444533,SELL ORDER,
326,1605744000.0,478.43000000,480.75000000,464.86000000,471.25000000,2020-11-19,468.0879999999991,401.57640000000015,322.40885000000014,462.66068143410837,445.89901367015716,415.0309362093767,,SOLD
327,1605830400.0,471.26000000,514.40000000,470.65000000,510.12000000,2020-11-20,480.49599999999907,404.72180000000014,323.9270500000002,471.2896484460886,452.01529808252315,418.75991910312666,,
328,1605916800.0,510.12000000,553.32000000,502.82000000,552.35000000,2020-11-21,498.855999999999,408.85680000000013,325.6623500000002,486.02789418316337,461.5709839794257,423.99874580496487,,
329,1606003200.0,552.42000000,580.88000000,511.28000000,560.03000000,2020-11-22,514.431999999999,413.1384000000001,327.46765000000016,499.48282251349724,470.94803312424233,429.3333047930054,,
330,1606089600.0,560.03000000,610.85000000,550.12000000,608.58000000,2020-11-23,540.465999999999,418.2626000000002,329.45055000000013,519.3186729655886,484.0558394933621,436.3625869579856,,
331,1606176000.0,608.58000000,623.00000000,585.00000000,604.97000000,2020-11-24,567.2099999999989,423.28960000000023,331.4188500000002,534.8916415172997,495.5714738273276,442.974642371398,SELL ORDER,
332,1606262400.0,604.98000000,606.00000000,553.83000000,569.50000000,2020-11-25,579.085999999999,427.8646000000002,333.2160000000001,541.1840703323361,502.6122858437726,447.9364211019314,,SOLD
333,1606348800.0,569.38000000,577.14000000,481.00000000,519.83000000,2020-11-26,572.581999999999,431.4296000000002,334.8774500000002,537.3015120900932,504.25206814436575,450.7557771371498,,
334,1606435200.0,519.83000000,530.62000000,493.72000000,518.68000000,2020-11-27,564.311999999999,434.7842000000002,336.54220000000015,533.9157826191671,505.62615689252135,453.4194721513792,,
335,1606521600.0,518.59000000,547.94000000,506.59000000,537.52000000,2020-11-28,550.099999999999,438.2342000000002,338.2810000000002,534.5710948702276,508.6636657599003,456.71753206701135,,
336,1606608000.0,537.50000000,576.90000000,530.32000000,576.30000000,2020-11-29,544.3659999999988,442.3498000000002,340.16460000000023,542.1581685301862,515.1052214018146,461.40704061340307,,
337,1606694400.0,576.32000000,616.85000000,570.07000000,616.66000000,2020-11-30,553.7979999999989,447.19980000000015,342.2314500000003,555.7039560701523,524.7771050778322,467.4953919618971,,
338,1606780800.0,616.65000000,635.70000000,560.00000000,585.26000000,2020-12-01,566.8839999999989,451.1748000000002,344.1834500000002,561.0777822392155,530.5373807847053,472.11361188495994,SELL ORDER,
339,1606867200.0,585.26000000,604.93000000,575.00000000,596.89000000,2020-12-02,582.5259999999989,455.4918000000001,346.16565000000026,567.589094559358,536.8566778528286,477.00680357574583,,
340,1606953600.0,596.88000000,623.44000000,585.82000000,615.85000000,2020-12-03,598.1919999999989,460.2350000000001,348.2099000000003,576.3638046394748,544.3798513906545,482.4516348080695,,
341,1607040000.0,615.84000000,620.00000000,565.82000000,567.24000000,2020-12-04,596.3799999999989,464.0270000000002,349.97155000000026,574.7049310686612,546.5570084010684,485.77666873716487,,SOLD
342,1607126400.0,567.24000000,597.11000000,560.88000000,596.80000000,2020-12-05,592.4079999999989,468.6530000000002,351.8826500000003,578.7222163289046,551.3420552200142,490.1305248651192,,
343,1607212800.0,596.82000000,607.50000000,583.00000000,601.54000000,2020-12-06,595.6639999999989,473.3174000000002,353.84045000000026,582.8709042691037,556.1228118657272,494.49952389001646,,
344,1607299200.0,601.59000000,603.15000000,584.22000000,591.28000000,2020-12-07,594.5419999999988,477.5808000000002,355.80315000000024,584.3998307656302,559.4711154975627,498.29483667864326,SELL ORDER,
345,1607385600.0,591.27000000,595.00000000,549.22000000,554.94000000,2020-12-08,582.3599999999989,481.09360000000015,357.54105000000027,579.0434978991519,559.0395806882709,500.51621563242196,,SOLD
346,1607472000.0,554.92000000,578.08000000,530.43000000,573.09000000,2020-12-09,583.5299999999988,485.1850000000002,359.3735000000002,577.9610437356697,560.3777158608166,503.3622463919349,BUY ORDER,
347,1607558400.0,573.20000000,575.70000000,548.11000000,558.99000000,2020-12-10,575.9679999999987,488.55720000000014,361.1689500000003,574.511763056457,560.2455524455007,505.5437269255845,,
348,1607644800.0,558.99000000,560.80000000,535.50000000,544.43000000,2020-12-11,564.5459999999987,491.1662000000002,362.87035000000026,569.0423515916466,558.7393093554531,507.0686788108557,,
349,1607731200.0,544.46000000,574.00000000,543.10000000,568.04000000,2020-12-12,559.8979999999987,494.3448000000002,364.7061000000002,568.8601058477108,559.6250894168385,509.45971101435157,,BOUGHT
350,1607817600.0,568.09000000,595.00000000,563.22000000,590.70000000,2020-12-13,567.0499999999986,497.9160000000002,366.61815000000024,572.8309956935815,562.584604710473,512.6456047000632,,
351,1607904000.0,590.81000000,591.48000000,575.60000000,586.29000000,2020-12-14,569.6899999999986,501.5246000000002,368.4485500000002,575.2780873856575,564.8422614047136,515.5336202020216,SELL ORDER,
352,1607990400.0,586.29000000,597.20000000,578.58000000,588.64000000,2020-12-15,575.6199999999986,505.4470000000002,370.2884000000002,577.7075260428106,567.1087126995028,518.4005370568443,,
353,1608076800.0,588.78000000,640.00000000,580.71000000,637.18000000,2020-12-16,594.1699999999986,510.12160000000017,372.25600000000014,588.5207031259359,573.7821686328834,523.0585552114778,,
354,1608163200.0,637.18000000,676.25000000,625.76000000,642.70000000,2020-12-17,609.1019999999986,515.2110000000002,374.3116500000001,598.3714843757657,580.3457716202279,527.7503765757336,,
355,1608249600.0,642.71000000,664.61000000,629.40000000,653.85000000,2020-12-18,621.7319999999985,520.5454000000002,376.33975000000015,608.4584872165356,587.3461743230633,532.6954598472735,,
356,1608336000.0,653.76000000,669.95000000,645.42000000,658.03000000,2020-12-19,636.0799999999984,526.0562000000001,378.4413500000001,617.4714895408018,594.0779672446763,537.6105398532627,,
357,1608422400.0,658.05000000,661.39000000,621.01000000,638.18000000,2020-12-20,645.9879999999985,531.0906000000001,380.40965000000006,621.236673260656,598.2781608404214,541.554440251174,,SOLD
358,1608508800.0,638.10000000,648.00000000,595.90000000,607.58000000,2020-12-21,640.0679999999985,535.3088000000002,382.23150000000004,618.7536417587185,599.1640502841908,544.143677888383,,
359,1608595200.0,607.68000000,637.73000000,588.00000000,636.45000000,2020-12-22,638.8179999999986,540.3774000000002,384.2136,621.9711614389514,602.7150931142679,547.763533657466,,
360,1608681600.0,636.41000000,638.44000000,551.28000000,585.56000000,2020-12-23,625.1599999999986,544.3310000000002,385.9317,615.350950268233,601.0812747224329,549.24574802384,,
361,1608768000.0,585.48000000,615.02000000,565.43000000,612.31000000,2020-12-24,616.0159999999985,548.5274000000002,387.77045,614.7980502194633,602.1506771298202,551.7188559444737,BUY ORDER,
362,1608854400.0,612.31000000,634.24000000,604.28000000,626.82000000,2020-12-25,613.7439999999986,552.7300000000002,389.67255000000006,616.98385927047,604.5001364507897,554.6639988486121,,BOUGHT
363,1608940800.0,626.78000000,652.91000000,615.26000000,637.44000000,2020-12-26,619.7159999999986,556.3606000000002,391.64075,620.70315758493,607.6372663126192,557.9101165408234,,
364,1609027200.0,637.44000000,655.99000000,625.00000000,635.35000000,2020-12-27,619.4959999999986,560.3634000000002,393.57860000000005,623.3662198422154,610.2765742828459,560.946974715693,SELL ORDER,
